"team_number","hero_1","hero_2","hero_3","hero_4","hero_5","hero_6","enhancement_details"
"1","Adam Warlock","Angela","Black Panther","Star-Lord","Storm","Thor","Adam Warlock <- Storm; Angela <- Star-Lord; Black Panther <- Storm; Star-Lord <- Adam Warlock; Storm <- Thor; Thor <- Angela"
"2","Adam Warlock","Angela","Captain America","Star-Lord","Storm","Thor","Adam Warlock <- Storm; Angela <- Star-Lord; Captain America <- Thor; Star-Lord <- Adam Warlock; Storm <- Thor; Thor <- Angela"
"3","Adam Warlock","Angela","Human Torch","Star-Lord","Storm","Thor","Adam Warlock <- Storm; Angela <- Star-Lord; Human Torch <- Storm; Star-Lord <- Adam Warlock; Storm <- Thor; Thor <- Angela"
"4","Adam Warlock","Angela","Iron Man","Star-Lord","Storm","Thor","Adam Warlock <- Storm; Angela <- Star-Lord; Iron Man <- Thor; Star-Lord <- Adam Warlock; Storm <- Thor; Thor <- Angela"
"5","Adam Warlock","Angela","Iron Man","Star-Lord","Thor","Ultron","Adam Warlock <- Ultron; Angela <- Star-Lord; Iron Man <- Thor; Star-Lord <- Adam Warlock; Thor <- Angela; Ultron <- Iron Man"
"6","Adam Warlock","Angela","Loki","Mantis","Storm","Thor","Adam Warlock <- Storm; Angela <- Loki; Loki <- Mantis; Mantis <- Adam Warlock; Storm <- Thor; Thor <- Angela"
"7","Adam Warlock","Angela","Luna Snow","Star-Lord","Storm","Thor","Adam Warlock <- Storm; Angela <- Star-Lord; Luna Snow <- Adam Warlock; Star-Lord <- Adam Warlock; Storm <- Thor; Thor <- Angela"
"8","Adam Warlock","Angela","Mantis","Star-Lord","Storm","Thor","Adam Warlock <- Storm; Angela <- Star-Lord; Mantis <- Adam Warlock, Star-Lord; Star-Lord <- Adam Warlock; Storm <- Thor; Thor <- Angela"
"9","Adam Warlock","Black Panther","Magik","Peni Parker","The Hood","Ultron","Adam Warlock <- Ultron; Black Panther <- Magik; Magik <- The Hood; Peni Parker <- Black Panther; The Hood <- Magik; Ultron <- Peni Parker"
"10","Adam Warlock","Groot","Mantis","Peni Parker","Rocket Raccoon","Ultron","Adam Warlock <- Ultron; Groot <- Mantis; Mantis <- Adam Warlock; Peni Parker <- Rocket Raccoon; Rocket Raccoon <- Groot; Ultron <- Peni Parker"
"11","Adam Warlock","Hela","Jeff the Land Shark","Phoenix","Storm","Venom","Adam Warlock <- Storm; Hela <- Venom; Jeff the Land Shark <- Venom; Phoenix <- Hela; Storm <- Jeff the Land Shark; Venom <- Phoenix"
"12","Adam Warlock","Hela","Luna Snow","Namor","Storm","Thor","Adam Warlock <- Storm; Hela <- Namor; Luna Snow <- Adam Warlock; Namor <- Luna Snow; Storm <- Thor; Thor <- Hela"
"13","Adam Warlock","Hela","Phoenix","Storm","Thor","Venom","Adam Warlock <- Storm; Hela <- Venom; Phoenix <- Hela; Storm <- Thor; Thor <- Hela; Venom <- Phoenix"
"14","Adam Warlock","Peni Parker","Rocket Raccoon","Spider-Man","Squirrel Girl","Ultron","Adam Warlock <- Ultron; Peni Parker <- Rocket Raccoon; Rocket Raccoon <- Squirrel Girl; Spider-Man <- Peni Parker; Squirrel Girl <- Spider-Man; Ultron <- Peni Parker"
"15","Angela","Black Widow","Hela","Loki","Phoenix","Venom","Angela <- Loki; Black Widow <- Phoenix; Hela <- Venom; Loki <- Hela; Phoenix <- Hela; Venom <- Phoenix"
"16","Angela","Captain America","Groot","Mantis","Star-Lord","Thor","Angela <- Star-Lord; Captain America <- Thor; Groot <- Mantis; Mantis <- Star-Lord; Star-Lord <- Groot; Thor <- Angela"
"17","Angela","Cyclops","Hela","Loki","Phoenix","Venom","Angela <- Loki; Cyclops <- Phoenix; Hela <- Venom; Loki <- Hela; Phoenix <- Hela; Venom <- Phoenix"
"18","Angela","Deadpool","Hela","Loki","Phoenix","Venom","Angela <- Loki; Deadpool <- Hela; Hela <- Venom; Loki <- Hela; Phoenix <- Hela; Venom <- Phoenix"
"19","Angela","Emma Frost","Groot","Loki","Mantis","Star-Lord","Angela <- Star-Lord, Loki; Emma Frost <- Mantis; Groot <- Mantis; Loki <- Mantis; Mantis <- Star-Lord; Star-Lord <- Groot"
"20","Angela","Emma Frost","Groot","Magneto","Mantis","Star-Lord","Angela <- Star-Lord; Emma Frost <- Mantis; Groot <- Mantis; Magneto <- Emma Frost; Mantis <- Star-Lord; Star-Lord <- Groot"
"21","Angela","Emma Frost","Groot","Mantis","Psylocke","Star-Lord","Angela <- Star-Lord; Emma Frost <- Mantis; Groot <- Mantis; Mantis <- Star-Lord; Psylocke <- Emma Frost; Star-Lord <- Groot"
"22","Angela","Emma Frost","Groot","Mantis","Rocket Raccoon","Star-Lord","Angela <- Star-Lord; Emma Frost <- Mantis; Groot <- Mantis; Mantis <- Star-Lord; Rocket Raccoon <- Groot; Star-Lord <- Groot"
"23","Angela","Emma Frost","Groot","Mantis","Star-Lord","Thor","Angela <- Star-Lord; Emma Frost <- Mantis; Groot <- Mantis; Mantis <- Star-Lord; Star-Lord <- Groot; Thor <- Angela"
"24","Angela","Groot","Iron Man","Mantis","Star-Lord","Thor","Angela <- Star-Lord; Groot <- Mantis; Iron Man <- Thor; Mantis <- Star-Lord; Star-Lord <- Groot; Thor <- Angela"
"25","Angela","Groot","Jubilee","Mantis","Star-Lord","The Hood","Angela <- Star-Lord; Groot <- Mantis; Jubilee <- The Hood; Mantis <- Star-Lord; Star-Lord <- Groot; The Hood <- Jubilee"
"26","Angela","Groot","Loki","Mantis","Rocket Raccoon","Star-Lord","Angela <- Star-Lord, Loki; Groot <- Mantis; Loki <- Mantis; Mantis <- Star-Lord; Rocket Raccoon <- Groot; Star-Lord <- Groot"
"27","Angela","Groot","Loki","Mantis","Star-Lord","Thor","Angela <- Star-Lord, Loki; Groot <- Mantis; Loki <- Mantis; Mantis <- Star-Lord; Star-Lord <- Groot; Thor <- Angela"
"28","Angela","Groot","Magik","Mantis","Star-Lord","The Hood","Angela <- Star-Lord; Groot <- Mantis; Magik <- The Hood; Mantis <- Star-Lord; Star-Lord <- Groot; The Hood <- Magik"
"29","Angela","Groot","Mantis","Mister Fantastic","Rocket Raccoon","Star-Lord","Angela <- Star-Lord; Groot <- Mantis; Mantis <- Star-Lord; Mister Fantastic <- Rocket Raccoon; Rocket Raccoon <- Groot; Star-Lord <- Groot"
"30","Angela","Groot","Mantis","Peni Parker","Rocket Raccoon","Star-Lord","Angela <- Star-Lord; Groot <- Mantis; Mantis <- Star-Lord; Peni Parker <- Rocket Raccoon; Rocket Raccoon <- Groot; Star-Lord <- Groot"
"31","Angela","Groot","Mantis","Rocket Raccoon","Star-Lord","The Punisher","Angela <- Star-Lord; Groot <- Mantis; Mantis <- Star-Lord; Rocket Raccoon <- Groot; Star-Lord <- Groot; The Punisher <- Rocket Raccoon"
"32","Angela","Groot","Mantis","Rocket Raccoon","Star-Lord","Thor","Angela <- Star-Lord; Groot <- Mantis; Mantis <- Star-Lord; Rocket Raccoon <- Groot; Star-Lord <- Groot; Thor <- Angela"
"33","Angela","Groot","Mantis","Star-Lord","Storm","Thor","Angela <- Star-Lord; Groot <- Mantis; Mantis <- Star-Lord; Star-Lord <- Groot; Storm <- Thor; Thor <- Angela"
"34","Angela","Hela","Jeff the Land Shark","Loki","Phoenix","Venom","Angela <- Loki; Hela <- Venom; Jeff the Land Shark <- Venom; Loki <- Hela; Phoenix <- Hela; Venom <- Phoenix"
"35","Angela","Hela","Loki","Phoenix","Spider-Man","Venom","Angela <- Loki; Hela <- Venom; Loki <- Hela; Phoenix <- Hela; Spider-Man <- Venom; Venom <- Phoenix"
"36","Angela","Hela","Loki","Phoenix","Thor","Venom","Angela <- Loki; Hela <- Venom; Loki <- Hela; Phoenix <- Hela; Thor <- Hela, Angela; Venom <- Phoenix"
"37","Black Cat","Black Panther","Cloak & Dagger","Hawkeye","Magik","The Hood","Black Cat <- Black Panther; Black Panther <- Magik; Cloak & Dagger <- The Hood; Hawkeye <- Cloak & Dagger; Magik <- The Hood; The Hood <- Magik"
"38","Black Cat","Black Panther","Cloak & Dagger","Jubilee","Magik","The Hood","Black Cat <- Black Panther; Black Panther <- Magik; Cloak & Dagger <- The Hood; Jubilee <- The Hood; Magik <- The Hood; The Hood <- Magik, Jubilee"
"39","Black Cat","Black Panther","Cloak & Dagger","Magik","Moon Knight","The Hood","Black Cat <- Black Panther; Black Panther <- Magik; Cloak & Dagger <- The Hood; Magik <- The Hood; Moon Knight <- Cloak & Dagger; The Hood <- Magik"
"40","Black Cat","Black Panther","Cloak & Dagger","Magik","Peni Parker","The Hood","Black Cat <- Black Panther; Black Panther <- Magik; Cloak & Dagger <- The Hood; Magik <- The Hood; Peni Parker <- Black Panther; The Hood <- Magik"
"41","Black Cat","Black Panther","Cloak & Dagger","Magik","Psylocke","The Hood","Black Cat <- Black Panther; Black Panther <- Magik; Cloak & Dagger <- The Hood; Magik <- The Hood; Psylocke <- Cloak & Dagger; The Hood <- Magik"
"42","Black Cat","Black Panther","Cloak & Dagger","Magik","The Hood","White Fox","Black Cat <- Black Panther; Black Panther <- Magik; Cloak & Dagger <- The Hood; Magik <- The Hood; The Hood <- Magik; White Fox <- Black Cat"
"43","Black Cat","Black Panther","Gambit","Jubilee","Magik","The Hood","Black Cat <- Black Panther; Black Panther <- Magik; Gambit <- Jubilee; Jubilee <- The Hood; Magik <- The Hood; The Hood <- Magik, Jubilee"
"44","Black Cat","Black Panther","Human Torch","Jubilee","Magik","The Hood","Black Cat <- Black Panther; Black Panther <- Magik; Human Torch <- Jubilee; Jubilee <- The Hood; Magik <- The Hood; The Hood <- Magik, Jubilee"
"45","Black Cat","Black Panther","Iron Fist","Magik","The Hood","White Fox","Black Cat <- Black Panther; Black Panther <- Magik; Iron Fist <- White Fox; Magik <- The Hood; The Hood <- Magik; White Fox <- Black Cat"
"46","Black Cat","Black Panther","Jubilee","Magik","Peni Parker","The Hood","Black Cat <- Black Panther; Black Panther <- Magik; Jubilee <- The Hood; Magik <- The Hood; Peni Parker <- Black Panther; The Hood <- Magik, Jubilee"
"47","Black Cat","Black Panther","Jubilee","Magik","Scarlet Witch","The Hood","Black Cat <- Black Panther; Black Panther <- Magik; Jubilee <- The Hood; Magik <- The Hood; Scarlet Witch <- Jubilee; The Hood <- Magik, Jubilee"
"48","Black Cat","Black Panther","Jubilee","Magik","The Hood","White Fox","Black Cat <- Black Panther; Black Panther <- Magik; Jubilee <- The Hood; Magik <- The Hood; The Hood <- Magik, Jubilee; White Fox <- Black Cat"
"49","Black Cat","Black Panther","Luna Snow","Magik","The Hood","White Fox","Black Cat <- Black Panther; Black Panther <- Magik; Luna Snow <- White Fox; Magik <- The Hood; The Hood <- Magik; White Fox <- Black Cat"
"50","Black Cat","Black Panther","Magik","Peni Parker","Spider-Man","The Hood","Black Cat <- Black Panther, Spider-Man; Black Panther <- Magik; Magik <- The Hood; Peni Parker <- Black Panther; Spider-Man <- Peni Parker; The Hood <- Magik"
"51","Black Cat","Black Panther","Magik","Peni Parker","The Hood","Ultron","Black Cat <- Black Panther; Black Panther <- Magik; Magik <- The Hood; Peni Parker <- Black Panther; The Hood <- Magik; Ultron <- Peni Parker"
"52","Black Cat","Black Panther","Magik","Peni Parker","The Hood","White Fox","Black Cat <- Black Panther; Black Panther <- Magik; Magik <- The Hood; Peni Parker <- Black Panther; The Hood <- Magik; White Fox <- Black Cat"
"53","Black Cat","Black Widow","Hela","Phoenix","Spider-Man","Venom","Black Cat <- Spider-Man; Black Widow <- Phoenix; Hela <- Venom; Phoenix <- Hela; Spider-Man <- Venom; Venom <- Phoenix"
"54","Black Cat","Cyclops","Hela","Phoenix","Spider-Man","Venom","Black Cat <- Spider-Man; Cyclops <- Phoenix; Hela <- Venom; Phoenix <- Hela; Spider-Man <- Venom; Venom <- Phoenix"
"55","Black Cat","Deadpool","Hela","Phoenix","Spider-Man","Venom","Black Cat <- Spider-Man; Deadpool <- Hela; Hela <- Venom; Phoenix <- Hela; Spider-Man <- Venom; Venom <- Phoenix"
"56","Black Cat","Hela","Jeff the Land Shark","Phoenix","Spider-Man","Venom","Black Cat <- Spider-Man; Hela <- Venom; Jeff the Land Shark <- Venom; Phoenix <- Hela; Spider-Man <- Venom; Venom <- Phoenix"
"57","Black Cat","Hela","Loki","Phoenix","Spider-Man","Venom","Black Cat <- Spider-Man; Hela <- Venom; Loki <- Hela; Phoenix <- Hela; Spider-Man <- Venom; Venom <- Phoenix"
"58","Black Cat","Hela","Phoenix","Spider-Man","Squirrel Girl","Venom","Black Cat <- Spider-Man; Hela <- Venom; Phoenix <- Hela; Spider-Man <- Venom; Squirrel Girl <- Spider-Man; Venom <- Phoenix"
"59","Black Cat","Hela","Phoenix","Spider-Man","Thor","Venom","Black Cat <- Spider-Man; Hela <- Venom; Phoenix <- Hela; Spider-Man <- Venom; Thor <- Hela; Venom <- Phoenix"
"60","Black Cat","Hela","Phoenix","Spider-Man","Venom","White Fox","Black Cat <- Spider-Man; Hela <- Venom; Phoenix <- Hela; Spider-Man <- Venom; Venom <- Phoenix; White Fox <- Black Cat"
"61","Black Cat","Mister Fantastic","Peni Parker","Rocket Raccoon","Spider-Man","Squirrel Girl","Black Cat <- Spider-Man; Mister Fantastic <- Rocket Raccoon; Peni Parker <- Rocket Raccoon; Rocket Raccoon <- Squirrel Girl; Spider-Man <- Peni Parker; Squirrel Girl <- Spider-Man"
"62","Black Cat","Peni Parker","Rocket Raccoon","Spider-Man","Squirrel Girl","The Punisher","Black Cat <- Spider-Man; Peni Parker <- Rocket Raccoon; Rocket Raccoon <- Squirrel Girl; Spider-Man <- Peni Parker; Squirrel Girl <- Spider-Man; The Punisher <- Rocket Raccoon"
"63","Black Cat","Peni Parker","Rocket Raccoon","Spider-Man","Squirrel Girl","Ultron","Black Cat <- Spider-Man; Peni Parker <- Rocket Raccoon; Rocket Raccoon <- Squirrel Girl; Spider-Man <- Peni Parker; Squirrel Girl <- Spider-Man; Ultron <- Peni Parker"
"64","Black Cat","Peni Parker","Rocket Raccoon","Spider-Man","Squirrel Girl","White Fox","Black Cat <- Spider-Man; Peni Parker <- Rocket Raccoon; Rocket Raccoon <- Squirrel Girl; Spider-Man <- Peni Parker; Squirrel Girl <- Spider-Man; White Fox <- Black Cat"
"65","Black Panther","Black Widow","Cloak & Dagger","Hawkeye","Magik","The Hood","Black Panther <- Magik; Black Widow <- Hawkeye; Cloak & Dagger <- The Hood; Hawkeye <- Cloak & Dagger; Magik <- The Hood; The Hood <- Magik"
"66","Black Panther","Blade","Cloak & Dagger","Magik","Moon Knight","The Hood","Black Panther <- Magik; Blade <- Moon Knight; Cloak & Dagger <- The Hood; Magik <- The Hood; Moon Knight <- Cloak & Dagger; The Hood <- Magik"
"67","Black Panther","Cloak & Dagger","Gambit","Jubilee","Magik","The Hood","Black Panther <- Magik; Cloak & Dagger <- The Hood; Gambit <- Jubilee; Jubilee <- The Hood; Magik <- The Hood; The Hood <- Magik, Jubilee"
"68","Black Panther","Cloak & Dagger","Hawkeye","Jubilee","Magik","The Hood","Black Panther <- Magik; Cloak & Dagger <- The Hood; Hawkeye <- Cloak & Dagger; Jubilee <- The Hood; Magik <- The Hood; The Hood <- Magik, Jubilee"
"69","Black Panther","Cloak & Dagger","Hawkeye","Magik","Moon Knight","The Hood","Black Panther <- Magik; Cloak & Dagger <- The Hood; Hawkeye <- Cloak & Dagger; Magik <- The Hood; Moon Knight <- Cloak & Dagger; The Hood <- Magik"
"70","Black Panther","Cloak & Dagger","Hawkeye","Magik","Peni Parker","The Hood","Black Panther <- Magik; Cloak & Dagger <- The Hood; Hawkeye <- Cloak & Dagger; Magik <- The Hood; Peni Parker <- Black Panther; The Hood <- Magik"
"71","Black Panther","Cloak & Dagger","Hawkeye","Magik","Psylocke","The Hood","Black Panther <- Magik; Cloak & Dagger <- The Hood; Hawkeye <- Psylocke, Cloak & Dagger; Magik <- The Hood; Psylocke <- Cloak & Dagger; The Hood <- Magik"
"72","Black Panther","Cloak & Dagger","Human Torch","Jubilee","Magik","The Hood","Black Panther <- Magik; Cloak & Dagger <- The Hood; Human Torch <- Jubilee; Jubilee <- The Hood; Magik <- The Hood; The Hood <- Magik, Jubilee"
"73","Black Panther","Cloak & Dagger","Jubilee","Magik","Moon Knight","The Hood","Black Panther <- Magik; Cloak & Dagger <- The Hood; Jubilee <- The Hood; Magik <- The Hood; Moon Knight <- Cloak & Dagger; The Hood <- Magik, Jubilee"
"74","Black Panther","Cloak & Dagger","Jubilee","Magik","Peni Parker","The Hood","Black Panther <- Magik; Cloak & Dagger <- The Hood; Jubilee <- The Hood; Magik <- The Hood; Peni Parker <- Black Panther; The Hood <- Magik, Jubilee"
"75","Black Panther","Cloak & Dagger","Jubilee","Magik","Psylocke","The Hood","Black Panther <- Magik; Cloak & Dagger <- The Hood; Jubilee <- The Hood; Magik <- The Hood; Psylocke <- Cloak & Dagger; The Hood <- Magik, Jubilee"
"76","Black Panther","Cloak & Dagger","Jubilee","Magik","Scarlet Witch","The Hood","Black Panther <- Magik; Cloak & Dagger <- The Hood; Jubilee <- The Hood; Magik <- The Hood; Scarlet Witch <- Jubilee; The Hood <- Magik, Jubilee"
"77","Black Panther","Cloak & Dagger","Magik","Moon Knight","Peni Parker","The Hood","Black Panther <- Magik; Cloak & Dagger <- The Hood; Magik <- The Hood; Moon Knight <- Cloak & Dagger; Peni Parker <- Black Panther; The Hood <- Magik"
"78","Black Panther","Cloak & Dagger","Magik","Moon Knight","Psylocke","The Hood","Black Panther <- Magik; Cloak & Dagger <- The Hood; Magik <- The Hood; Moon Knight <- Cloak & Dagger; Psylocke <- Cloak & Dagger; The Hood <- Magik"
"79","Black Panther","Cloak & Dagger","Magik","Peni Parker","Psylocke","The Hood","Black Panther <- Magik; Cloak & Dagger <- The Hood; Magik <- The Hood; Peni Parker <- Black Panther; Psylocke <- Cloak & Dagger; The Hood <- Magik"
"80","Black Panther","Cloak & Dagger","Magik","Peni Parker","Spider-Man","The Hood","Black Panther <- Magik; Cloak & Dagger <- The Hood; Magik <- The Hood; Peni Parker <- Black Panther; Spider-Man <- Peni Parker; The Hood <- Magik"
"81","Black Panther","Cloak & Dagger","Magik","Peni Parker","The Hood","Ultron","Black Panther <- Magik; Cloak & Dagger <- The Hood; Magik <- The Hood; Peni Parker <- Black Panther; The Hood <- Magik; Ultron <- Peni Parker"
"82","Black Panther","Cloak & Dagger","Magik","Psylocke","The Hood","White Fox","Black Panther <- Magik; Cloak & Dagger <- The Hood; Magik <- The Hood; Psylocke <- Cloak & Dagger; The Hood <- Magik; White Fox <- Psylocke"
"83","Black Panther","Cyclops","Gambit","Jubilee","Magik","The Hood","Black Panther <- Magik; Cyclops <- Gambit; Gambit <- Jubilee; Jubilee <- The Hood; Magik <- The Hood; The Hood <- Magik, Jubilee"
"84","Black Panther","Deadpool","Gambit","Jubilee","Magik","The Hood","Black Panther <- Magik; Deadpool <- Gambit; Gambit <- Jubilee; Jubilee <- The Hood; Magik <- The Hood; The Hood <- Magik, Jubilee"
"85","Black Panther","Doctor Strange","Invisible Woman","Magik","Mister Fantastic","The Thing","Black Panther <- Magik; Doctor Strange <- Invisible Woman; Invisible Woman <- Mister Fantastic; Magik <- Doctor Strange; Mister Fantastic <- The Thing; The Thing <- Invisible Woman"
"86","Black Panther","Gambit","Human Torch","Jubilee","Magik","The Hood","Black Panther <- Magik; Gambit <- Jubilee; Human Torch <- Jubilee; Jubilee <- The Hood; Magik <- The Hood; The Hood <- Magik, Jubilee"
"87","Black Panther","Gambit","Jubilee","Magik","Peni Parker","The Hood","Black Panther <- Magik; Gambit <- Jubilee; Jubilee <- The Hood; Magik <- The Hood; Peni Parker <- Black Panther; The Hood <- Magik, Jubilee"
"88","Black Panther","Gambit","Jubilee","Magik","Rogue","The Hood","Black Panther <- Magik; Gambit <- Jubilee; Jubilee <- The Hood; Magik <- The Hood; Rogue <- Gambit; The Hood <- Magik, Jubilee"
"89","Black Panther","Gambit","Jubilee","Magik","Scarlet Witch","The Hood","Black Panther <- Magik; Gambit <- Jubilee; Jubilee <- The Hood; Magik <- The Hood; Scarlet Witch <- Jubilee; The Hood <- Magik, Jubilee"
"90","Black Panther","Gambit","Jubilee","Magik","The Hood","Wolverine","Black Panther <- Magik; Gambit <- Jubilee; Jubilee <- The Hood; Magik <- The Hood; The Hood <- Magik, Jubilee; Wolverine <- Gambit"
"91","Black Panther","Groot","Magik","Mantis","Star-Lord","The Hood","Black Panther <- Magik; Groot <- Mantis; Magik <- The Hood; Mantis <- Star-Lord; Star-Lord <- Groot; The Hood <- Magik"
"92","Black Panther","Hela","Jeff the Land Shark","Phoenix","Storm","Venom","Black Panther <- Storm; Hela <- Venom; Jeff the Land Shark <- Venom; Phoenix <- Hela; Storm <- Jeff the Land Shark; Venom <- Phoenix"
"93","Black Panther","Hela","Magik","Phoenix","The Hood","Venom","Black Panther <- Magik; Hela <- Venom; Magik <- The Hood; Phoenix <- Hela; The Hood <- Magik; Venom <- Phoenix"
"94","Black Panther","Hela","Phoenix","Storm","Thor","Venom","Black Panther <- Storm; Hela <- Venom; Phoenix <- Hela; Storm <- Thor; Thor <- Hela; Venom <- Phoenix"
"95","Black Panther","Human Torch","Invisible Woman","Jubilee","Magik","The Hood","Black Panther <- Magik; Human Torch <- Jubilee; Invisible Woman <- Human Torch; Jubilee <- The Hood; Magik <- The Hood; The Hood <- Magik, Jubilee"
"96","Black Panther","Human Torch","Jubilee","Magik","Peni Parker","The Hood","Black Panther <- Magik; Human Torch <- Jubilee; Jubilee <- The Hood; Magik <- The Hood; Peni Parker <- Black Panther; The Hood <- Magik, Jubilee"
"97","Black Panther","Human Torch","Jubilee","Magik","Scarlet Witch","The Hood","Black Panther <- Magik; Human Torch <- Jubilee; Jubilee <- The Hood; Magik <- The Hood; Scarlet Witch <- Jubilee; The Hood <- Magik, Jubilee"
"98","Black Panther","Human Torch","Jubilee","Magik","The Hood","The Thing","Black Panther <- Magik; Human Torch <- Jubilee; Jubilee <- The Hood; Magik <- The Hood; The Hood <- Magik, Jubilee; The Thing <- Human Torch"
"99","Black Panther","Invisible Woman","Magik","Mister Fantastic","The Hood","The Thing","Black Panther <- Magik; Invisible Woman <- Mister Fantastic; Magik <- The Hood; Mister Fantastic <- The Thing; The Hood <- Magik; The Thing <- Invisible Woman"
"100","Black Panther","Jubilee","Magik","Magneto","Scarlet Witch","The Hood","Black Panther <- Magik; Jubilee <- The Hood; Magik <- The Hood; Magneto <- Scarlet Witch; Scarlet Witch <- Jubilee; The Hood <- Magik, Jubilee"
"101","Black Panther","Jubilee","Magik","Peni Parker","Scarlet Witch","The Hood","Black Panther <- Magik; Jubilee <- The Hood; Magik <- The Hood; Peni Parker <- Black Panther; Scarlet Witch <- Jubilee; The Hood <- Magik, Jubilee"
"102","Black Panther","Jubilee","Magik","Peni Parker","Spider-Man","The Hood","Black Panther <- Magik; Jubilee <- The Hood; Magik <- The Hood; Peni Parker <- Black Panther; Spider-Man <- Peni Parker; The Hood <- Magik, Jubilee"
"103","Black Panther","Jubilee","Magik","Peni Parker","The Hood","Ultron","Black Panther <- Magik; Jubilee <- The Hood; Magik <- The Hood; Peni Parker <- Black Panther; The Hood <- Magik, Jubilee; Ultron <- Peni Parker"
"104","Black Panther","Magik","Peni Parker","Spider-Man","Squirrel Girl","The Hood","Black Panther <- Magik; Magik <- The Hood; Peni Parker <- Black Panther; Spider-Man <- Peni Parker; Squirrel Girl <- Spider-Man; The Hood <- Magik"
"105","Black Panther","Magik","Peni Parker","Spider-Man","The Hood","Ultron","Black Panther <- Magik; Magik <- The Hood; Peni Parker <- Black Panther; Spider-Man <- Peni Parker; The Hood <- Magik; Ultron <- Peni Parker"
"106","Black Widow","Captain America","Hela","Phoenix","Thor","Venom","Black Widow <- Phoenix; Captain America <- Thor; Hela <- Venom; Phoenix <- Hela; Thor <- Hela; Venom <- Phoenix"
"107","Black Widow","Cloak & Dagger","Daredevil","Hawkeye","Jubilee","The Hood","Black Widow <- Hawkeye; Cloak & Dagger <- The Hood; Daredevil <- Black Widow; Hawkeye <- Cloak & Dagger; Jubilee <- The Hood; The Hood <- Jubilee"
"108","Black Widow","Cloak & Dagger","Daredevil","Hawkeye","Magik","The Hood","Black Widow <- Hawkeye; Cloak & Dagger <- The Hood; Daredevil <- Black Widow; Hawkeye <- Cloak & Dagger; Magik <- The Hood; The Hood <- Magik"
"109","Black Widow","Cloak & Dagger","Gambit","Hawkeye","Jubilee","The Hood","Black Widow <- Hawkeye; Cloak & Dagger <- The Hood; Gambit <- Jubilee; Hawkeye <- Cloak & Dagger; Jubilee <- The Hood; The Hood <- Jubilee"
"110","Black Widow","Cloak & Dagger","Hawkeye","Human Torch","Jubilee","The Hood","Black Widow <- Hawkeye; Cloak & Dagger <- The Hood; Hawkeye <- Cloak & Dagger; Human Torch <- Jubilee; Jubilee <- The Hood; The Hood <- Jubilee"
"111","Black Widow","Cloak & Dagger","Hawkeye","Jubilee","Magik","The Hood","Black Widow <- Hawkeye; Cloak & Dagger <- The Hood; Hawkeye <- Cloak & Dagger; Jubilee <- The Hood; Magik <- The Hood; The Hood <- Magik, Jubilee"
"112","Black Widow","Cloak & Dagger","Hawkeye","Jubilee","Moon Knight","The Hood","Black Widow <- Hawkeye; Cloak & Dagger <- The Hood; Hawkeye <- Cloak & Dagger; Jubilee <- The Hood; Moon Knight <- Cloak & Dagger; The Hood <- Jubilee"
"113","Black Widow","Cloak & Dagger","Hawkeye","Jubilee","Psylocke","The Hood","Black Widow <- Hawkeye; Cloak & Dagger <- The Hood; Hawkeye <- Psylocke, Cloak & Dagger; Jubilee <- The Hood; Psylocke <- Cloak & Dagger; The Hood <- Jubilee"
"114","Black Widow","Cloak & Dagger","Hawkeye","Jubilee","Scarlet Witch","The Hood","Black Widow <- Hawkeye; Cloak & Dagger <- The Hood; Hawkeye <- Cloak & Dagger; Jubilee <- The Hood; Scarlet Witch <- Jubilee; The Hood <- Jubilee"
"115","Black Widow","Cloak & Dagger","Hawkeye","Luna Snow","Psylocke","White Fox","Black Widow <- Hawkeye; Cloak & Dagger <- Luna Snow; Hawkeye <- Psylocke, Cloak & Dagger; Luna Snow <- White Fox; Psylocke <- Cloak & Dagger; White Fox <- Psylocke"
"116","Black Widow","Cloak & Dagger","Hawkeye","Magik","Moon Knight","The Hood","Black Widow <- Hawkeye; Cloak & Dagger <- The Hood; Hawkeye <- Cloak & Dagger; Magik <- The Hood; Moon Knight <- Cloak & Dagger; The Hood <- Magik"
"117","Black Widow","Cloak & Dagger","Hawkeye","Magik","Psylocke","The Hood","Black Widow <- Hawkeye; Cloak & Dagger <- The Hood; Hawkeye <- Psylocke, Cloak & Dagger; Magik <- The Hood; Psylocke <- Cloak & Dagger; The Hood <- Magik"
"118","Black Widow","Cyclops","Daredevil","Hela","Phoenix","Venom","Black Widow <- Phoenix; Cyclops <- Phoenix; Daredevil <- Black Widow; Hela <- Venom; Phoenix <- Hela; Venom <- Phoenix"
"119","Black Widow","Cyclops","Deadpool","Hela","Phoenix","Venom","Black Widow <- Phoenix; Cyclops <- Phoenix; Deadpool <- Hela; Hela <- Venom; Phoenix <- Hela; Venom <- Phoenix"
"120","Black Widow","Cyclops","Hela","Jeff the Land Shark","Phoenix","Venom","Black Widow <- Phoenix; Cyclops <- Phoenix; Hela <- Venom; Jeff the Land Shark <- Venom; Phoenix <- Hela; Venom <- Phoenix"
"121","Black Widow","Cyclops","Hela","Loki","Phoenix","Venom","Black Widow <- Phoenix; Cyclops <- Phoenix; Hela <- Venom; Loki <- Hela; Phoenix <- Hela; Venom <- Phoenix"
"122","Black Widow","Cyclops","Hela","Phoenix","Spider-Man","Venom","Black Widow <- Phoenix; Cyclops <- Phoenix; Hela <- Venom; Phoenix <- Hela; Spider-Man <- Venom; Venom <- Phoenix"
"123","Black Widow","Cyclops","Hela","Phoenix","Thor","Venom","Black Widow <- Phoenix; Cyclops <- Phoenix; Hela <- Venom; Phoenix <- Hela; Thor <- Hela; Venom <- Phoenix"
"124","Black Widow","Cyclops","Hela","Phoenix","Venom","Wolverine","Black Widow <- Phoenix; Cyclops <- Phoenix; Hela <- Venom; Phoenix <- Hela; Venom <- Phoenix; Wolverine <- Cyclops"
"125","Black Widow","Daredevil","Deadpool","Hela","Phoenix","Venom","Black Widow <- Phoenix; Daredevil <- Black Widow; Deadpool <- Hela; Hela <- Venom; Phoenix <- Hela; Venom <- Phoenix"
"126","Black Widow","Daredevil","Hela","Jeff the Land Shark","Phoenix","Venom","Black Widow <- Phoenix; Daredevil <- Black Widow; Hela <- Venom; Jeff the Land Shark <- Venom; Phoenix <- Hela; Venom <- Phoenix"
"127","Black Widow","Daredevil","Hela","Loki","Phoenix","Venom","Black Widow <- Phoenix; Daredevil <- Black Widow; Hela <- Venom; Loki <- Hela; Phoenix <- Hela; Venom <- Phoenix"
"128","Black Widow","Daredevil","Hela","Phoenix","Spider-Man","Venom","Black Widow <- Phoenix; Daredevil <- Black Widow; Hela <- Venom; Phoenix <- Hela; Spider-Man <- Venom; Venom <- Phoenix"
"129","Black Widow","Daredevil","Hela","Phoenix","The Punisher","Venom","Black Widow <- Phoenix; Daredevil <- Black Widow; Hela <- Venom; Phoenix <- Hela; The Punisher <- Daredevil; Venom <- Phoenix"
"130","Black Widow","Daredevil","Hela","Phoenix","Thor","Venom","Black Widow <- Phoenix; Daredevil <- Black Widow; Hela <- Venom; Phoenix <- Hela; Thor <- Hela; Venom <- Phoenix"
"131","Black Widow","Deadpool","Elsa Bloodstone","Hela","Phoenix","Venom","Black Widow <- Phoenix; Deadpool <- Hela; Elsa Bloodstone <- Deadpool; Hela <- Venom; Phoenix <- Hela; Venom <- Phoenix"
"132","Black Widow","Deadpool","Hela","Jeff the Land Shark","Phoenix","Venom","Black Widow <- Phoenix; Deadpool <- Hela; Hela <- Venom; Jeff the Land Shark <- Venom, Deadpool; Phoenix <- Hela; Venom <- Phoenix"
"133","Black Widow","Deadpool","Hela","Loki","Phoenix","Venom","Black Widow <- Phoenix; Deadpool <- Hela; Hela <- Venom; Loki <- Hela; Phoenix <- Hela; Venom <- Phoenix"
"134","Black Widow","Deadpool","Hela","Phoenix","Spider-Man","Venom","Black Widow <- Phoenix; Deadpool <- Hela; Hela <- Venom; Phoenix <- Hela; Spider-Man <- Venom; Venom <- Phoenix"
"135","Black Widow","Deadpool","Hela","Phoenix","Thor","Venom","Black Widow <- Phoenix; Deadpool <- Hela; Hela <- Venom; Phoenix <- Hela; Thor <- Hela; Venom <- Phoenix"
"136","Black Widow","Devil Dinosaur","Hela","Jeff the Land Shark","Phoenix","Venom","Black Widow <- Phoenix; Devil Dinosaur <- Jeff the Land Shark; Hela <- Venom; Jeff the Land Shark <- Venom; Phoenix <- Hela; Venom <- Phoenix"
"137","Black Widow","Emma Frost","Hawkeye","Luna Snow","Psylocke","White Fox","Black Widow <- Hawkeye; Emma Frost <- Luna Snow; Hawkeye <- Psylocke; Luna Snow <- White Fox; Psylocke <- Emma Frost; White Fox <- Psylocke"
"138","Black Widow","Gambit","Jubilee","Phoenix","Rogue","The Hood","Black Widow <- Phoenix; Gambit <- Jubilee; Jubilee <- The Hood; Phoenix <- Rogue; Rogue <- Gambit; The Hood <- Jubilee"
"139","Black Widow","Groot","Hela","Jeff the Land Shark","Phoenix","Venom","Black Widow <- Phoenix; Groot <- Jeff the Land Shark; Hela <- Venom; Jeff the Land Shark <- Venom; Phoenix <- Hela; Venom <- Phoenix"
"140","Black Widow","Hela","Iron Man","Phoenix","Thor","Venom","Black Widow <- Phoenix; Hela <- Venom; Iron Man <- Thor; Phoenix <- Hela; Thor <- Hela; Venom <- Phoenix"
"141","Black Widow","Hela","Jeff the Land Shark","Loki","Phoenix","Venom","Black Widow <- Phoenix; Hela <- Venom; Jeff the Land Shark <- Venom; Loki <- Hela; Phoenix <- Hela; Venom <- Phoenix"
"142","Black Widow","Hela","Jeff the Land Shark","Phoenix","Spider-Man","Venom","Black Widow <- Phoenix; Hela <- Venom; Jeff the Land Shark <- Venom; Phoenix <- Hela; Spider-Man <- Venom; Venom <- Phoenix"
"143","Black Widow","Hela","Jeff the Land Shark","Phoenix","Storm","Venom","Black Widow <- Phoenix; Hela <- Venom; Jeff the Land Shark <- Venom; Phoenix <- Hela; Storm <- Jeff the Land Shark; Venom <- Phoenix"
"144","Black Widow","Hela","Jeff the Land Shark","Phoenix","Thor","Venom","Black Widow <- Phoenix; Hela <- Venom; Jeff the Land Shark <- Venom; Phoenix <- Hela; Thor <- Hela; Venom <- Phoenix"
"145","Black Widow","Hela","Jubilee","Phoenix","The Hood","Venom","Black Widow <- Phoenix; Hela <- Venom; Jubilee <- The Hood; Phoenix <- Hela; The Hood <- Jubilee; Venom <- Phoenix"
"146","Black Widow","Hela","Loki","Phoenix","Spider-Man","Venom","Black Widow <- Phoenix; Hela <- Venom; Loki <- Hela; Phoenix <- Hela; Spider-Man <- Venom; Venom <- Phoenix"
"147","Black Widow","Hela","Loki","Phoenix","Thor","Venom","Black Widow <- Phoenix; Hela <- Venom; Loki <- Hela; Phoenix <- Hela; Thor <- Hela; Venom <- Phoenix"
"148","Black Widow","Hela","Magik","Phoenix","The Hood","Venom","Black Widow <- Phoenix; Hela <- Venom; Magik <- The Hood; Phoenix <- Hela; The Hood <- Magik; Venom <- Phoenix"
"149","Black Widow","Hela","Phoenix","Spider-Man","Squirrel Girl","Venom","Black Widow <- Phoenix; Hela <- Venom; Phoenix <- Hela; Spider-Man <- Venom; Squirrel Girl <- Spider-Man; Venom <- Phoenix"
"150","Black Widow","Hela","Phoenix","Spider-Man","Thor","Venom","Black Widow <- Phoenix; Hela <- Venom; Phoenix <- Hela; Spider-Man <- Venom; Thor <- Hela; Venom <- Phoenix"
"151","Black Widow","Hela","Phoenix","Storm","Thor","Venom","Black Widow <- Phoenix; Hela <- Venom; Phoenix <- Hela; Storm <- Thor; Thor <- Hela; Venom <- Phoenix"
"152","Blade","Captain America","Deadpool","Hela","Thor","Venom","Blade <- Captain America; Captain America <- Thor; Deadpool <- Hela; Hela <- Venom; Thor <- Hela; Venom <- Blade"
"153","Blade","Captain America","Hela","Hulk","Namor","Thor","Blade <- Captain America; Captain America <- Thor; Hela <- Namor; Hulk <- Captain America; Namor <- Hulk; Thor <- Hela"
"154","Blade","Captain America","Hela","Hulk","Thor","Venom","Blade <- Captain America; Captain America <- Thor; Hela <- Venom; Hulk <- Captain America; Thor <- Hela; Venom <- Blade"
"155","Blade","Captain America","Hela","Iron Man","Thor","Venom","Blade <- Captain America; Captain America <- Thor; Hela <- Venom; Iron Man <- Thor; Thor <- Hela; Venom <- Blade"
"156","Blade","Captain America","Hela","Jeff the Land Shark","Thor","Venom","Blade <- Captain America; Captain America <- Thor; Hela <- Venom; Jeff the Land Shark <- Venom; Thor <- Hela; Venom <- Blade"
"157","Blade","Captain America","Hela","Jubilee","Thor","Venom","Blade <- Captain America; Captain America <- Thor; Hela <- Venom; Jubilee <- Blade; Thor <- Hela; Venom <- Blade"
"158","Blade","Captain America","Hela","Loki","Thor","Venom","Blade <- Captain America; Captain America <- Thor; Hela <- Venom; Loki <- Hela; Thor <- Hela; Venom <- Blade"
"159","Blade","Captain America","Hela","Phoenix","Thor","Venom","Blade <- Captain America; Captain America <- Thor; Hela <- Venom; Phoenix <- Hela; Thor <- Hela; Venom <- Blade, Phoenix"
"160","Blade","Captain America","Hela","Spider-Man","Thor","Venom","Blade <- Captain America; Captain America <- Thor; Hela <- Venom; Spider-Man <- Venom; Thor <- Hela; Venom <- Blade"
"161","Blade","Captain America","Hela","Storm","Thor","Venom","Blade <- Captain America; Captain America <- Thor; Hela <- Venom; Storm <- Thor; Thor <- Hela; Venom <- Blade"
"162","Blade","Cloak & Dagger","Gambit","Jubilee","Moon Knight","The Hood","Blade <- Moon Knight; Cloak & Dagger <- The Hood; Gambit <- Jubilee; Jubilee <- Blade, The Hood; Moon Knight <- Cloak & Dagger; The Hood <- Jubilee"
"163","Blade","Cloak & Dagger","Hawkeye","Jubilee","Moon Knight","The Hood","Blade <- Moon Knight; Cloak & Dagger <- The Hood; Hawkeye <- Cloak & Dagger; Jubilee <- Blade, The Hood; Moon Knight <- Cloak & Dagger; The Hood <- Jubilee"
"164","Blade","Cloak & Dagger","Hawkeye","Magik","Moon Knight","The Hood","Blade <- Moon Knight; Cloak & Dagger <- The Hood; Hawkeye <- Cloak & Dagger; Magik <- The Hood; Moon Knight <- Cloak & Dagger; The Hood <- Magik"
"165","Blade","Cloak & Dagger","Human Torch","Jubilee","Moon Knight","The Hood","Blade <- Moon Knight; Cloak & Dagger <- The Hood; Human Torch <- Jubilee; Jubilee <- Blade, The Hood; Moon Knight <- Cloak & Dagger; The Hood <- Jubilee"
"166","Blade","Cloak & Dagger","Jubilee","Magik","Moon Knight","The Hood","Blade <- Moon Knight; Cloak & Dagger <- The Hood; Jubilee <- Blade, The Hood; Magik <- The Hood; Moon Knight <- Cloak & Dagger; The Hood <- Magik, Jubilee"
"167","Blade","Cloak & Dagger","Jubilee","Moon Knight","Psylocke","The Hood","Blade <- Moon Knight; Cloak & Dagger <- The Hood; Jubilee <- Blade, The Hood; Moon Knight <- Cloak & Dagger; Psylocke <- Cloak & Dagger; The Hood <- Jubilee"
"168","Blade","Cloak & Dagger","Jubilee","Moon Knight","Scarlet Witch","The Hood","Blade <- Moon Knight; Cloak & Dagger <- The Hood; Jubilee <- Blade, The Hood; Moon Knight <- Cloak & Dagger; Scarlet Witch <- Jubilee; The Hood <- Jubilee"
"169","Blade","Cloak & Dagger","Jubilee","Moon Knight","The Hood","Venom","Blade <- Moon Knight; Cloak & Dagger <- The Hood; Jubilee <- Blade, The Hood; Moon Knight <- Cloak & Dagger; The Hood <- Jubilee; Venom <- Blade"
"170","Blade","Cloak & Dagger","Luna Snow","Moon Knight","Psylocke","White Fox","Blade <- Moon Knight; Cloak & Dagger <- Luna Snow; Luna Snow <- White Fox; Moon Knight <- Cloak & Dagger; Psylocke <- Cloak & Dagger; White Fox <- Psylocke"
"171","Blade","Cloak & Dagger","Magik","Moon Knight","Psylocke","The Hood","Blade <- Moon Knight; Cloak & Dagger <- The Hood; Magik <- The Hood; Moon Knight <- Cloak & Dagger; Psylocke <- Cloak & Dagger; The Hood <- Magik"
"172","Blade","Cloak & Dagger","Magik","Moon Knight","The Hood","Venom","Blade <- Moon Knight; Cloak & Dagger <- The Hood; Magik <- The Hood; Moon Knight <- Cloak & Dagger; The Hood <- Magik; Venom <- Blade"
"173","Blade","Deadpool","Elsa Bloodstone","Gambit","Jubilee","Moon Knight","Blade <- Moon Knight; Deadpool <- Gambit; Elsa Bloodstone <- Deadpool; Gambit <- Jubilee; Jubilee <- Blade; Moon Knight <- Elsa Bloodstone"
"174","Blade","Deadpool","Elsa Bloodstone","Hela","Moon Knight","Venom","Blade <- Moon Knight; Deadpool <- Hela; Elsa Bloodstone <- Deadpool; Hela <- Venom; Moon Knight <- Elsa Bloodstone; Venom <- Blade"
"175","Blade","Devil Dinosaur","Elsa Bloodstone","Jeff the Land Shark","Moon Knight","Venom","Blade <- Moon Knight; Devil Dinosaur <- Jeff the Land Shark; Elsa Bloodstone <- Devil Dinosaur; Jeff the Land Shark <- Venom; Moon Knight <- Elsa Bloodstone; Venom <- Blade"
"176","Captain America","Cyclops","Hela","Phoenix","Thor","Venom","Captain America <- Thor; Cyclops <- Phoenix; Hela <- Venom; Phoenix <- Hela; Thor <- Hela; Venom <- Phoenix"
"177","Captain America","Deadpool","Hela","Hulk","Namor","Thor","Captain America <- Thor; Deadpool <- Hela; Hela <- Namor; Hulk <- Captain America; Namor <- Hulk; Thor <- Hela"
"178","Captain America","Deadpool","Hela","Phoenix","Thor","Venom","Captain America <- Thor; Deadpool <- Hela; Hela <- Venom; Phoenix <- Hela; Thor <- Hela; Venom <- Phoenix"
"179","Captain America","Doctor Strange","Hela","Hulk","Namor","Thor","Captain America <- Thor; Doctor Strange <- Hulk; Hela <- Namor; Hulk <- Captain America; Namor <- Hulk; Thor <- Hela"
"180","Captain America","Hela","Hulk","Iron Man","Namor","Thor","Captain America <- Thor; Hela <- Namor; Hulk <- Captain America; Iron Man <- Hulk, Thor; Namor <- Hulk; Thor <- Hela"
"181","Captain America","Hela","Hulk","Loki","Namor","Thor","Captain America <- Thor; Hela <- Namor; Hulk <- Captain America; Loki <- Hela; Namor <- Hulk; Thor <- Hela"
"182","Captain America","Hela","Hulk","Namor","Phoenix","Thor","Captain America <- Thor; Hela <- Namor; Hulk <- Captain America; Namor <- Hulk; Phoenix <- Hela; Thor <- Hela"
"183","Captain America","Hela","Hulk","Namor","Storm","Thor","Captain America <- Thor; Hela <- Namor; Hulk <- Captain America; Namor <- Hulk; Storm <- Thor; Thor <- Hela"
"184","Captain America","Hela","Hulk","Phoenix","Thor","Venom","Captain America <- Thor; Hela <- Venom; Hulk <- Captain America; Phoenix <- Hela; Thor <- Hela; Venom <- Phoenix"
"185","Captain America","Hela","Iron Man","Phoenix","Thor","Venom","Captain America <- Thor; Hela <- Venom; Iron Man <- Thor; Phoenix <- Hela; Thor <- Hela; Venom <- Phoenix"
"186","Captain America","Hela","Jeff the Land Shark","Phoenix","Thor","Venom","Captain America <- Thor; Hela <- Venom; Jeff the Land Shark <- Venom; Phoenix <- Hela; Thor <- Hela; Venom <- Phoenix"
"187","Captain America","Hela","Loki","Phoenix","Thor","Venom","Captain America <- Thor; Hela <- Venom; Loki <- Hela; Phoenix <- Hela; Thor <- Hela; Venom <- Phoenix"
"188","Captain America","Hela","Phoenix","Spider-Man","Thor","Venom","Captain America <- Thor; Hela <- Venom; Phoenix <- Hela; Spider-Man <- Venom; Thor <- Hela; Venom <- Phoenix"
"189","Captain America","Hela","Phoenix","Storm","Thor","Venom","Captain America <- Thor; Hela <- Venom; Phoenix <- Hela; Storm <- Thor; Thor <- Hela; Venom <- Phoenix"
"190","Cloak & Dagger","Cyclops","Deadpool","Gambit","Jubilee","The Hood","Cloak & Dagger <- The Hood; Cyclops <- Gambit; Deadpool <- Gambit; Gambit <- Jubilee; Jubilee <- The Hood; The Hood <- Jubilee"
"191","Cloak & Dagger","Cyclops","Gambit","Hawkeye","Jubilee","The Hood","Cloak & Dagger <- The Hood; Cyclops <- Gambit; Gambit <- Jubilee; Hawkeye <- Cloak & Dagger; Jubilee <- The Hood; The Hood <- Jubilee"
"192","Cloak & Dagger","Cyclops","Gambit","Human Torch","Jubilee","The Hood","Cloak & Dagger <- The Hood; Cyclops <- Gambit; Gambit <- Jubilee; Human Torch <- Jubilee; Jubilee <- The Hood; The Hood <- Jubilee"
"193","Cloak & Dagger","Cyclops","Gambit","Jubilee","Magik","The Hood","Cloak & Dagger <- The Hood; Cyclops <- Gambit; Gambit <- Jubilee; Jubilee <- The Hood; Magik <- The Hood; The Hood <- Magik, Jubilee"
"194","Cloak & Dagger","Cyclops","Gambit","Jubilee","Moon Knight","The Hood","Cloak & Dagger <- The Hood; Cyclops <- Gambit; Gambit <- Jubilee; Jubilee <- The Hood; Moon Knight <- Cloak & Dagger; The Hood <- Jubilee"
"195","Cloak & Dagger","Cyclops","Gambit","Jubilee","Psylocke","The Hood","Cloak & Dagger <- The Hood; Cyclops <- Gambit; Gambit <- Jubilee; Jubilee <- The Hood; Psylocke <- Cloak & Dagger; The Hood <- Jubilee"
"196","Cloak & Dagger","Cyclops","Gambit","Jubilee","Rogue","The Hood","Cloak & Dagger <- The Hood; Cyclops <- Gambit; Gambit <- Jubilee; Jubilee <- The Hood; Rogue <- Gambit; The Hood <- Jubilee"
"197","Cloak & Dagger","Cyclops","Gambit","Jubilee","Scarlet Witch","The Hood","Cloak & Dagger <- The Hood; Cyclops <- Gambit; Gambit <- Jubilee; Jubilee <- The Hood; Scarlet Witch <- Jubilee; The Hood <- Jubilee"
"198","Cloak & Dagger","Cyclops","Gambit","Jubilee","The Hood","Wolverine","Cloak & Dagger <- The Hood; Cyclops <- Gambit; Gambit <- Jubilee; Jubilee <- The Hood; The Hood <- Jubilee; Wolverine <- Cyclops, Gambit"
"199","Cloak & Dagger","Daredevil","Iron Fist","Luna Snow","Psylocke","White Fox","Cloak & Dagger <- Luna Snow; Daredevil <- Iron Fist; Iron Fist <- White Fox; Luna Snow <- White Fox; Psylocke <- Cloak & Dagger; White Fox <- Psylocke"
"200","Cloak & Dagger","Deadpool","Elsa Bloodstone","Gambit","Jubilee","The Hood","Cloak & Dagger <- The Hood; Deadpool <- Gambit; Elsa Bloodstone <- Deadpool; Gambit <- Jubilee; Jubilee <- The Hood; The Hood <- Jubilee"
"201","Cloak & Dagger","Deadpool","Gambit","Hawkeye","Jubilee","The Hood","Cloak & Dagger <- The Hood; Deadpool <- Gambit; Gambit <- Jubilee; Hawkeye <- Cloak & Dagger; Jubilee <- The Hood; The Hood <- Jubilee"
"202","Cloak & Dagger","Deadpool","Gambit","Human Torch","Jubilee","The Hood","Cloak & Dagger <- The Hood; Deadpool <- Gambit; Gambit <- Jubilee; Human Torch <- Jubilee; Jubilee <- The Hood; The Hood <- Jubilee"
"203","Cloak & Dagger","Deadpool","Gambit","Jeff the Land Shark","Jubilee","The Hood","Cloak & Dagger <- The Hood; Deadpool <- Gambit; Gambit <- Jubilee; Jeff the Land Shark <- Deadpool; Jubilee <- The Hood; The Hood <- Jubilee"
"204","Cloak & Dagger","Deadpool","Gambit","Jubilee","Magik","The Hood","Cloak & Dagger <- The Hood; Deadpool <- Gambit; Gambit <- Jubilee; Jubilee <- The Hood; Magik <- The Hood; The Hood <- Magik, Jubilee"
"205","Cloak & Dagger","Deadpool","Gambit","Jubilee","Moon Knight","The Hood","Cloak & Dagger <- The Hood; Deadpool <- Gambit; Gambit <- Jubilee; Jubilee <- The Hood; Moon Knight <- Cloak & Dagger; The Hood <- Jubilee"
"206","Cloak & Dagger","Deadpool","Gambit","Jubilee","Psylocke","The Hood","Cloak & Dagger <- The Hood; Deadpool <- Gambit; Gambit <- Jubilee; Jubilee <- The Hood; Psylocke <- Cloak & Dagger; The Hood <- Jubilee"
"207","Cloak & Dagger","Deadpool","Gambit","Jubilee","Rogue","The Hood","Cloak & Dagger <- The Hood; Deadpool <- Gambit; Gambit <- Jubilee; Jubilee <- The Hood; Rogue <- Gambit; The Hood <- Jubilee"
"208","Cloak & Dagger","Deadpool","Gambit","Jubilee","Scarlet Witch","The Hood","Cloak & Dagger <- The Hood; Deadpool <- Gambit; Gambit <- Jubilee; Jubilee <- The Hood; Scarlet Witch <- Jubilee; The Hood <- Jubilee"
"209","Cloak & Dagger","Deadpool","Gambit","Jubilee","The Hood","Wolverine","Cloak & Dagger <- The Hood; Deadpool <- Gambit; Gambit <- Jubilee; Jubilee <- The Hood; The Hood <- Jubilee; Wolverine <- Gambit"
"210","Cloak & Dagger","Doctor Strange","Human Torch","Invisible Woman","Jubilee","The Hood","Cloak & Dagger <- The Hood; Doctor Strange <- Invisible Woman; Human Torch <- Jubilee; Invisible Woman <- Human Torch; Jubilee <- The Hood; The Hood <- Jubilee"
"211","Cloak & Dagger","Emma Frost","Hawkeye","Luna Snow","Psylocke","White Fox","Cloak & Dagger <- Luna Snow; Emma Frost <- Luna Snow; Hawkeye <- Psylocke, Cloak & Dagger; Luna Snow <- White Fox; Psylocke <- Emma Frost, Cloak & Dagger; White Fox <- Psylocke"
"212","Cloak & Dagger","Emma Frost","Iron Fist","Luna Snow","Psylocke","White Fox","Cloak & Dagger <- Luna Snow; Emma Frost <- Luna Snow; Iron Fist <- White Fox; Luna Snow <- White Fox; Psylocke <- Emma Frost, Cloak & Dagger; White Fox <- Psylocke"
"213","Cloak & Dagger","Emma Frost","Luna Snow","Magneto","Psylocke","White Fox","Cloak & Dagger <- Luna Snow; Emma Frost <- Luna Snow; Luna Snow <- White Fox; Magneto <- Emma Frost; Psylocke <- Emma Frost, Cloak & Dagger; White Fox <- Psylocke"
"214","Cloak & Dagger","Emma Frost","Luna Snow","Moon Knight","Psylocke","White Fox","Cloak & Dagger <- Luna Snow; Emma Frost <- Luna Snow; Luna Snow <- White Fox; Moon Knight <- Cloak & Dagger; Psylocke <- Emma Frost, Cloak & Dagger; White Fox <- Psylocke"
"215","Cloak & Dagger","Emma Frost","Luna Snow","Namor","Psylocke","White Fox","Cloak & Dagger <- Luna Snow; Emma Frost <- Luna Snow; Luna Snow <- White Fox; Namor <- Luna Snow; Psylocke <- Emma Frost, Cloak & Dagger; White Fox <- Psylocke"
"216","Cloak & Dagger","Gambit","Hawkeye","Human Torch","Jubilee","The Hood","Cloak & Dagger <- The Hood; Gambit <- Jubilee; Hawkeye <- Cloak & Dagger; Human Torch <- Jubilee; Jubilee <- The Hood; The Hood <- Jubilee"
"217","Cloak & Dagger","Gambit","Hawkeye","Jubilee","Magik","The Hood","Cloak & Dagger <- The Hood; Gambit <- Jubilee; Hawkeye <- Cloak & Dagger; Jubilee <- The Hood; Magik <- The Hood; The Hood <- Magik, Jubilee"
"218","Cloak & Dagger","Gambit","Hawkeye","Jubilee","Moon Knight","The Hood","Cloak & Dagger <- The Hood; Gambit <- Jubilee; Hawkeye <- Cloak & Dagger; Jubilee <- The Hood; Moon Knight <- Cloak & Dagger; The Hood <- Jubilee"
"219","Cloak & Dagger","Gambit","Hawkeye","Jubilee","Psylocke","The Hood","Cloak & Dagger <- The Hood; Gambit <- Jubilee; Hawkeye <- Psylocke, Cloak & Dagger; Jubilee <- The Hood; Psylocke <- Cloak & Dagger; The Hood <- Jubilee"
"220","Cloak & Dagger","Gambit","Hawkeye","Jubilee","Rogue","The Hood","Cloak & Dagger <- The Hood; Gambit <- Jubilee; Hawkeye <- Cloak & Dagger; Jubilee <- The Hood; Rogue <- Gambit; The Hood <- Jubilee"
"221","Cloak & Dagger","Gambit","Hawkeye","Jubilee","Scarlet Witch","The Hood","Cloak & Dagger <- The Hood; Gambit <- Jubilee; Hawkeye <- Cloak & Dagger; Jubilee <- The Hood; Scarlet Witch <- Jubilee; The Hood <- Jubilee"
"222","Cloak & Dagger","Gambit","Hawkeye","Jubilee","The Hood","Wolverine","Cloak & Dagger <- The Hood; Gambit <- Jubilee; Hawkeye <- Cloak & Dagger; Jubilee <- The Hood; The Hood <- Jubilee; Wolverine <- Gambit"
"223","Cloak & Dagger","Gambit","Hulk","Jubilee","The Hood","Wolverine","Cloak & Dagger <- The Hood; Gambit <- Jubilee; Hulk <- Wolverine; Jubilee <- The Hood; The Hood <- Jubilee; Wolverine <- Gambit"
"224","Cloak & Dagger","Gambit","Human Torch","Invisible Woman","Jubilee","The Hood","Cloak & Dagger <- The Hood; Gambit <- Jubilee; Human Torch <- Jubilee; Invisible Woman <- Human Torch; Jubilee <- The Hood; The Hood <- Jubilee"
"225","Cloak & Dagger","Gambit","Human Torch","Jubilee","Magik","The Hood","Cloak & Dagger <- The Hood; Gambit <- Jubilee; Human Torch <- Jubilee; Jubilee <- The Hood; Magik <- The Hood; The Hood <- Magik, Jubilee"
"226","Cloak & Dagger","Gambit","Human Torch","Jubilee","Moon Knight","The Hood","Cloak & Dagger <- The Hood; Gambit <- Jubilee; Human Torch <- Jubilee; Jubilee <- The Hood; Moon Knight <- Cloak & Dagger; The Hood <- Jubilee"
"227","Cloak & Dagger","Gambit","Human Torch","Jubilee","Psylocke","The Hood","Cloak & Dagger <- The Hood; Gambit <- Jubilee; Human Torch <- Jubilee; Jubilee <- The Hood; Psylocke <- Cloak & Dagger; The Hood <- Jubilee"
"228","Cloak & Dagger","Gambit","Human Torch","Jubilee","Rogue","The Hood","Cloak & Dagger <- The Hood; Gambit <- Jubilee; Human Torch <- Jubilee; Jubilee <- The Hood; Rogue <- Gambit; The Hood <- Jubilee"
"229","Cloak & Dagger","Gambit","Human Torch","Jubilee","Scarlet Witch","The Hood","Cloak & Dagger <- The Hood; Gambit <- Jubilee; Human Torch <- Jubilee; Jubilee <- The Hood; Scarlet Witch <- Jubilee; The Hood <- Jubilee"
"230","Cloak & Dagger","Gambit","Human Torch","Jubilee","The Hood","The Thing","Cloak & Dagger <- The Hood; Gambit <- Jubilee; Human Torch <- Jubilee; Jubilee <- The Hood; The Hood <- Jubilee; The Thing <- Human Torch"
"231","Cloak & Dagger","Gambit","Human Torch","Jubilee","The Hood","Wolverine","Cloak & Dagger <- The Hood; Gambit <- Jubilee; Human Torch <- Jubilee; Jubilee <- The Hood; The Hood <- Jubilee; Wolverine <- Gambit"
"232","Cloak & Dagger","Gambit","Jubilee","Magik","Moon Knight","The Hood","Cloak & Dagger <- The Hood; Gambit <- Jubilee; Jubilee <- The Hood; Magik <- The Hood; Moon Knight <- Cloak & Dagger; The Hood <- Magik, Jubilee"
"233","Cloak & Dagger","Gambit","Jubilee","Magik","Psylocke","The Hood","Cloak & Dagger <- The Hood; Gambit <- Jubilee; Jubilee <- The Hood; Magik <- The Hood; Psylocke <- Cloak & Dagger; The Hood <- Magik, Jubilee"
"234","Cloak & Dagger","Gambit","Jubilee","Magik","Rogue","The Hood","Cloak & Dagger <- The Hood; Gambit <- Jubilee; Jubilee <- The Hood; Magik <- The Hood; Rogue <- Gambit; The Hood <- Magik, Jubilee"
"235","Cloak & Dagger","Gambit","Jubilee","Magik","Scarlet Witch","The Hood","Cloak & Dagger <- The Hood; Gambit <- Jubilee; Jubilee <- The Hood; Magik <- The Hood; Scarlet Witch <- Jubilee; The Hood <- Magik, Jubilee"
"236","Cloak & Dagger","Gambit","Jubilee","Magik","The Hood","Wolverine","Cloak & Dagger <- The Hood; Gambit <- Jubilee; Jubilee <- The Hood; Magik <- The Hood; The Hood <- Magik, Jubilee; Wolverine <- Gambit"
"237","Cloak & Dagger","Gambit","Jubilee","Magneto","Scarlet Witch","The Hood","Cloak & Dagger <- The Hood; Gambit <- Jubilee, Magneto; Jubilee <- The Hood; Magneto <- Scarlet Witch; Scarlet Witch <- Jubilee; The Hood <- Jubilee"
"238","Cloak & Dagger","Gambit","Jubilee","Moon Knight","Psylocke","The Hood","Cloak & Dagger <- The Hood; Gambit <- Jubilee; Jubilee <- The Hood; Moon Knight <- Cloak & Dagger; Psylocke <- Cloak & Dagger; The Hood <- Jubilee"
"239","Cloak & Dagger","Gambit","Jubilee","Moon Knight","Rogue","The Hood","Cloak & Dagger <- The Hood; Gambit <- Jubilee; Jubilee <- The Hood; Moon Knight <- Cloak & Dagger; Rogue <- Gambit; The Hood <- Jubilee"
"240","Cloak & Dagger","Gambit","Jubilee","Moon Knight","Scarlet Witch","The Hood","Cloak & Dagger <- The Hood; Gambit <- Jubilee; Jubilee <- The Hood; Moon Knight <- Cloak & Dagger; Scarlet Witch <- Jubilee; The Hood <- Jubilee"
"241","Cloak & Dagger","Gambit","Jubilee","Moon Knight","The Hood","Wolverine","Cloak & Dagger <- The Hood; Gambit <- Jubilee; Jubilee <- The Hood; Moon Knight <- Cloak & Dagger; The Hood <- Jubilee; Wolverine <- Gambit"
"242","Cloak & Dagger","Gambit","Jubilee","Phoenix","Rogue","The Hood","Cloak & Dagger <- The Hood; Gambit <- Jubilee; Jubilee <- The Hood; Phoenix <- Rogue; Rogue <- Gambit; The Hood <- Jubilee"
"243","Cloak & Dagger","Gambit","Jubilee","Psylocke","Rogue","The Hood","Cloak & Dagger <- The Hood; Gambit <- Jubilee; Jubilee <- The Hood; Psylocke <- Cloak & Dagger; Rogue <- Gambit; The Hood <- Jubilee"
"244","Cloak & Dagger","Gambit","Jubilee","Psylocke","Scarlet Witch","The Hood","Cloak & Dagger <- The Hood; Gambit <- Jubilee; Jubilee <- The Hood; Psylocke <- Cloak & Dagger; Scarlet Witch <- Jubilee; The Hood <- Jubilee"
"245","Cloak & Dagger","Gambit","Jubilee","Psylocke","The Hood","White Fox","Cloak & Dagger <- The Hood; Gambit <- Jubilee; Jubilee <- The Hood; Psylocke <- Cloak & Dagger; The Hood <- Jubilee; White Fox <- Psylocke"
"246","Cloak & Dagger","Gambit","Jubilee","Psylocke","The Hood","Wolverine","Cloak & Dagger <- The Hood; Gambit <- Jubilee; Jubilee <- The Hood; Psylocke <- Cloak & Dagger; The Hood <- Jubilee; Wolverine <- Gambit"
"247","Cloak & Dagger","Gambit","Jubilee","Rogue","Scarlet Witch","The Hood","Cloak & Dagger <- The Hood; Gambit <- Jubilee; Jubilee <- The Hood; Rogue <- Gambit; Scarlet Witch <- Jubilee; The Hood <- Jubilee"
"248","Cloak & Dagger","Gambit","Jubilee","Rogue","The Hood","Wolverine","Cloak & Dagger <- The Hood; Gambit <- Jubilee; Jubilee <- The Hood; Rogue <- Gambit; The Hood <- Jubilee; Wolverine <- Gambit"
"249","Cloak & Dagger","Gambit","Jubilee","Scarlet Witch","The Hood","Wolverine","Cloak & Dagger <- The Hood; Gambit <- Jubilee; Jubilee <- The Hood; Scarlet Witch <- Jubilee; The Hood <- Jubilee; Wolverine <- Gambit"
"250","Cloak & Dagger","Groot","Jubilee","Mantis","Star-Lord","The Hood","Cloak & Dagger <- The Hood; Groot <- Mantis; Jubilee <- The Hood; Mantis <- Star-Lord; Star-Lord <- Groot; The Hood <- Jubilee"
"251","Cloak & Dagger","Groot","Magik","Mantis","Star-Lord","The Hood","Cloak & Dagger <- The Hood; Groot <- Mantis; Magik <- The Hood; Mantis <- Star-Lord; Star-Lord <- Groot; The Hood <- Magik"
"252","Cloak & Dagger","Hawkeye","Human Torch","Invisible Woman","Jubilee","The Hood","Cloak & Dagger <- The Hood; Hawkeye <- Cloak & Dagger; Human Torch <- Jubilee; Invisible Woman <- Human Torch; Jubilee <- The Hood; The Hood <- Jubilee"
"253","Cloak & Dagger","Hawkeye","Human Torch","Jubilee","Magik","The Hood","Cloak & Dagger <- The Hood; Hawkeye <- Cloak & Dagger; Human Torch <- Jubilee; Jubilee <- The Hood; Magik <- The Hood; The Hood <- Magik, Jubilee"
"254","Cloak & Dagger","Hawkeye","Human Torch","Jubilee","Moon Knight","The Hood","Cloak & Dagger <- The Hood; Hawkeye <- Cloak & Dagger; Human Torch <- Jubilee; Jubilee <- The Hood; Moon Knight <- Cloak & Dagger; The Hood <- Jubilee"
"255","Cloak & Dagger","Hawkeye","Human Torch","Jubilee","Psylocke","The Hood","Cloak & Dagger <- The Hood; Hawkeye <- Psylocke, Cloak & Dagger; Human Torch <- Jubilee; Jubilee <- The Hood; Psylocke <- Cloak & Dagger; The Hood <- Jubilee"
"256","Cloak & Dagger","Hawkeye","Human Torch","Jubilee","Scarlet Witch","The Hood","Cloak & Dagger <- The Hood; Hawkeye <- Cloak & Dagger; Human Torch <- Jubilee; Jubilee <- The Hood; Scarlet Witch <- Jubilee; The Hood <- Jubilee"
"257","Cloak & Dagger","Hawkeye","Human Torch","Jubilee","The Hood","The Thing","Cloak & Dagger <- The Hood; Hawkeye <- Cloak & Dagger; Human Torch <- Jubilee; Jubilee <- The Hood; The Hood <- Jubilee; The Thing <- Human Torch"
"258","Cloak & Dagger","Hawkeye","Iron Fist","Luna Snow","Psylocke","White Fox","Cloak & Dagger <- Luna Snow; Hawkeye <- Psylocke, Cloak & Dagger; Iron Fist <- White Fox; Luna Snow <- White Fox; Psylocke <- Cloak & Dagger; White Fox <- Psylocke"
"259","Cloak & Dagger","Hawkeye","Jubilee","Magik","Moon Knight","The Hood","Cloak & Dagger <- The Hood; Hawkeye <- Cloak & Dagger; Jubilee <- The Hood; Magik <- The Hood; Moon Knight <- Cloak & Dagger; The Hood <- Magik, Jubilee"
"260","Cloak & Dagger","Hawkeye","Jubilee","Magik","Psylocke","The Hood","Cloak & Dagger <- The Hood; Hawkeye <- Psylocke, Cloak & Dagger; Jubilee <- The Hood; Magik <- The Hood; Psylocke <- Cloak & Dagger; The Hood <- Magik, Jubilee"
"261","Cloak & Dagger","Hawkeye","Jubilee","Magik","Scarlet Witch","The Hood","Cloak & Dagger <- The Hood; Hawkeye <- Cloak & Dagger; Jubilee <- The Hood; Magik <- The Hood; Scarlet Witch <- Jubilee; The Hood <- Magik, Jubilee"
"262","Cloak & Dagger","Hawkeye","Jubilee","Magneto","Scarlet Witch","The Hood","Cloak & Dagger <- The Hood; Hawkeye <- Cloak & Dagger; Jubilee <- The Hood; Magneto <- Scarlet Witch; Scarlet Witch <- Jubilee; The Hood <- Jubilee"
"263","Cloak & Dagger","Hawkeye","Jubilee","Moon Knight","Psylocke","The Hood","Cloak & Dagger <- The Hood; Hawkeye <- Psylocke, Cloak & Dagger; Jubilee <- The Hood; Moon Knight <- Cloak & Dagger; Psylocke <- Cloak & Dagger; The Hood <- Jubilee"
"264","Cloak & Dagger","Hawkeye","Jubilee","Moon Knight","Scarlet Witch","The Hood","Cloak & Dagger <- The Hood; Hawkeye <- Cloak & Dagger; Jubilee <- The Hood; Moon Knight <- Cloak & Dagger; Scarlet Witch <- Jubilee; The Hood <- Jubilee"
"265","Cloak & Dagger","Hawkeye","Jubilee","Psylocke","Scarlet Witch","The Hood","Cloak & Dagger <- The Hood; Hawkeye <- Psylocke, Cloak & Dagger; Jubilee <- The Hood; Psylocke <- Cloak & Dagger; Scarlet Witch <- Jubilee; The Hood <- Jubilee"
"266","Cloak & Dagger","Hawkeye","Jubilee","Psylocke","The Hood","White Fox","Cloak & Dagger <- The Hood; Hawkeye <- Psylocke, Cloak & Dagger; Jubilee <- The Hood; Psylocke <- Cloak & Dagger; The Hood <- Jubilee; White Fox <- Psylocke"
"267","Cloak & Dagger","Hawkeye","Luna Snow","Moon Knight","Psylocke","White Fox","Cloak & Dagger <- Luna Snow; Hawkeye <- Psylocke, Cloak & Dagger; Luna Snow <- White Fox; Moon Knight <- Cloak & Dagger; Psylocke <- Cloak & Dagger; White Fox <- Psylocke"
"268","Cloak & Dagger","Hawkeye","Luna Snow","Namor","Psylocke","White Fox","Cloak & Dagger <- Luna Snow; Hawkeye <- Psylocke, Cloak & Dagger; Luna Snow <- White Fox; Namor <- Luna Snow; Psylocke <- Cloak & Dagger; White Fox <- Psylocke"
"269","Cloak & Dagger","Hawkeye","Magik","Moon Knight","Psylocke","The Hood","Cloak & Dagger <- The Hood; Hawkeye <- Psylocke, Cloak & Dagger; Magik <- The Hood; Moon Knight <- Cloak & Dagger; Psylocke <- Cloak & Dagger; The Hood <- Magik"
"270","Cloak & Dagger","Hawkeye","Magik","Psylocke","The Hood","White Fox","Cloak & Dagger <- The Hood; Hawkeye <- Psylocke, Cloak & Dagger; Magik <- The Hood; Psylocke <- Cloak & Dagger; The Hood <- Magik; White Fox <- Psylocke"
"271","Cloak & Dagger","Hela","Jubilee","Phoenix","The Hood","Venom","Cloak & Dagger <- The Hood; Hela <- Venom; Jubilee <- The Hood; Phoenix <- Hela; The Hood <- Jubilee; Venom <- Phoenix"
"272","Cloak & Dagger","Hela","Luna Snow","Namor","Psylocke","White Fox","Cloak & Dagger <- Luna Snow; Hela <- Namor; Luna Snow <- White Fox; Namor <- Luna Snow; Psylocke <- Cloak & Dagger; White Fox <- Psylocke"
"273","Cloak & Dagger","Hela","Magik","Phoenix","The Hood","Venom","Cloak & Dagger <- The Hood; Hela <- Venom; Magik <- The Hood; Phoenix <- Hela; The Hood <- Magik; Venom <- Phoenix"
"274","Cloak & Dagger","Human Torch","Invisible Woman","Jubilee","Magik","The Hood","Cloak & Dagger <- The Hood; Human Torch <- Jubilee; Invisible Woman <- Human Torch; Jubilee <- The Hood; Magik <- The Hood; The Hood <- Magik, Jubilee"
"275","Cloak & Dagger","Human Torch","Invisible Woman","Jubilee","Moon Knight","The Hood","Cloak & Dagger <- The Hood; Human Torch <- Jubilee; Invisible Woman <- Human Torch; Jubilee <- The Hood; Moon Knight <- Cloak & Dagger; The Hood <- Jubilee"
"276","Cloak & Dagger","Human Torch","Invisible Woman","Jubilee","Psylocke","The Hood","Cloak & Dagger <- The Hood; Human Torch <- Jubilee; Invisible Woman <- Human Torch; Jubilee <- The Hood; Psylocke <- Cloak & Dagger; The Hood <- Jubilee"
"277","Cloak & Dagger","Human Torch","Invisible Woman","Jubilee","Scarlet Witch","The Hood","Cloak & Dagger <- The Hood; Human Torch <- Jubilee; Invisible Woman <- Human Torch; Jubilee <- The Hood; Scarlet Witch <- Jubilee; The Hood <- Jubilee"
"278","Cloak & Dagger","Human Torch","Invisible Woman","Jubilee","The Hood","The Thing","Cloak & Dagger <- The Hood; Human Torch <- Jubilee; Invisible Woman <- Human Torch; Jubilee <- The Hood; The Hood <- Jubilee; The Thing <- Human Torch, Invisible Woman"
"279","Cloak & Dagger","Human Torch","Iron Fist","Jubilee","The Hood","The Thing","Cloak & Dagger <- The Hood; Human Torch <- Jubilee; Iron Fist <- The Thing; Jubilee <- The Hood; The Hood <- Jubilee; The Thing <- Human Torch"
"280","Cloak & Dagger","Human Torch","Jubilee","Magik","Moon Knight","The Hood","Cloak & Dagger <- The Hood; Human Torch <- Jubilee; Jubilee <- The Hood; Magik <- The Hood; Moon Knight <- Cloak & Dagger; The Hood <- Magik, Jubilee"
"281","Cloak & Dagger","Human Torch","Jubilee","Magik","Psylocke","The Hood","Cloak & Dagger <- The Hood; Human Torch <- Jubilee; Jubilee <- The Hood; Magik <- The Hood; Psylocke <- Cloak & Dagger; The Hood <- Magik, Jubilee"
"282","Cloak & Dagger","Human Torch","Jubilee","Magik","Scarlet Witch","The Hood","Cloak & Dagger <- The Hood; Human Torch <- Jubilee; Jubilee <- The Hood; Magik <- The Hood; Scarlet Witch <- Jubilee; The Hood <- Magik, Jubilee"
"283","Cloak & Dagger","Human Torch","Jubilee","Magik","The Hood","The Thing","Cloak & Dagger <- The Hood; Human Torch <- Jubilee; Jubilee <- The Hood; Magik <- The Hood; The Hood <- Magik, Jubilee; The Thing <- Human Torch"
"284","Cloak & Dagger","Human Torch","Jubilee","Magneto","Scarlet Witch","The Hood","Cloak & Dagger <- The Hood; Human Torch <- Jubilee; Jubilee <- The Hood; Magneto <- Scarlet Witch; Scarlet Witch <- Jubilee; The Hood <- Jubilee"
"285","Cloak & Dagger","Human Torch","Jubilee","Mister Fantastic","The Hood","The Thing","Cloak & Dagger <- The Hood; Human Torch <- Jubilee; Jubilee <- The Hood; Mister Fantastic <- The Thing; The Hood <- Jubilee; The Thing <- Human Torch"
"286","Cloak & Dagger","Human Torch","Jubilee","Moon Knight","Psylocke","The Hood","Cloak & Dagger <- The Hood; Human Torch <- Jubilee; Jubilee <- The Hood; Moon Knight <- Cloak & Dagger; Psylocke <- Cloak & Dagger; The Hood <- Jubilee"
"287","Cloak & Dagger","Human Torch","Jubilee","Moon Knight","Scarlet Witch","The Hood","Cloak & Dagger <- The Hood; Human Torch <- Jubilee; Jubilee <- The Hood; Moon Knight <- Cloak & Dagger; Scarlet Witch <- Jubilee; The Hood <- Jubilee"
"288","Cloak & Dagger","Human Torch","Jubilee","Moon Knight","The Hood","The Thing","Cloak & Dagger <- The Hood; Human Torch <- Jubilee; Jubilee <- The Hood; Moon Knight <- Cloak & Dagger; The Hood <- Jubilee; The Thing <- Human Torch"
"289","Cloak & Dagger","Human Torch","Jubilee","Psylocke","Scarlet Witch","The Hood","Cloak & Dagger <- The Hood; Human Torch <- Jubilee; Jubilee <- The Hood; Psylocke <- Cloak & Dagger; Scarlet Witch <- Jubilee; The Hood <- Jubilee"
"290","Cloak & Dagger","Human Torch","Jubilee","Psylocke","The Hood","The Thing","Cloak & Dagger <- The Hood; Human Torch <- Jubilee; Jubilee <- The Hood; Psylocke <- Cloak & Dagger; The Hood <- Jubilee; The Thing <- Human Torch"
"291","Cloak & Dagger","Human Torch","Jubilee","Psylocke","The Hood","White Fox","Cloak & Dagger <- The Hood; Human Torch <- Jubilee; Jubilee <- The Hood; Psylocke <- Cloak & Dagger; The Hood <- Jubilee; White Fox <- Psylocke"
"292","Cloak & Dagger","Human Torch","Jubilee","Scarlet Witch","The Hood","The Thing","Cloak & Dagger <- The Hood; Human Torch <- Jubilee; Jubilee <- The Hood; Scarlet Witch <- Jubilee; The Hood <- Jubilee; The Thing <- Human Torch"
"293","Cloak & Dagger","Invisible Woman","Jubilee","Mister Fantastic","The Hood","The Thing","Cloak & Dagger <- The Hood; Invisible Woman <- Mister Fantastic; Jubilee <- The Hood; Mister Fantastic <- The Thing; The Hood <- Jubilee; The Thing <- Invisible Woman"
"294","Cloak & Dagger","Invisible Woman","Magik","Mister Fantastic","The Hood","The Thing","Cloak & Dagger <- The Hood; Invisible Woman <- Mister Fantastic; Magik <- The Hood; Mister Fantastic <- The Thing; The Hood <- Magik; The Thing <- Invisible Woman"
"295","Cloak & Dagger","Iron Fist","Jubilee","Psylocke","The Hood","White Fox","Cloak & Dagger <- The Hood; Iron Fist <- White Fox; Jubilee <- The Hood; Psylocke <- Cloak & Dagger; The Hood <- Jubilee; White Fox <- Psylocke"
"296","Cloak & Dagger","Iron Fist","Luna Snow","Moon Knight","Psylocke","White Fox","Cloak & Dagger <- Luna Snow; Iron Fist <- White Fox; Luna Snow <- White Fox; Moon Knight <- Cloak & Dagger; Psylocke <- Cloak & Dagger; White Fox <- Psylocke"
"297","Cloak & Dagger","Iron Fist","Luna Snow","Namor","Psylocke","White Fox","Cloak & Dagger <- Luna Snow; Iron Fist <- White Fox; Luna Snow <- White Fox; Namor <- Luna Snow; Psylocke <- Cloak & Dagger; White Fox <- Psylocke"
"298","Cloak & Dagger","Iron Fist","Magik","Psylocke","The Hood","White Fox","Cloak & Dagger <- The Hood; Iron Fist <- White Fox; Magik <- The Hood; Psylocke <- Cloak & Dagger; The Hood <- Magik; White Fox <- Psylocke"
"299","Cloak & Dagger","Jubilee","Luna Snow","Psylocke","The Hood","White Fox","Cloak & Dagger <- Luna Snow, The Hood; Jubilee <- The Hood; Luna Snow <- White Fox; Psylocke <- Cloak & Dagger; The Hood <- Jubilee; White Fox <- Psylocke"
"300","Cloak & Dagger","Jubilee","Magik","Magneto","Scarlet Witch","The Hood","Cloak & Dagger <- The Hood; Jubilee <- The Hood; Magik <- The Hood; Magneto <- Scarlet Witch; Scarlet Witch <- Jubilee; The Hood <- Magik, Jubilee"
"301","Cloak & Dagger","Jubilee","Magik","Moon Knight","Psylocke","The Hood","Cloak & Dagger <- The Hood; Jubilee <- The Hood; Magik <- The Hood; Moon Knight <- Cloak & Dagger; Psylocke <- Cloak & Dagger; The Hood <- Magik, Jubilee"
"302","Cloak & Dagger","Jubilee","Magik","Moon Knight","Scarlet Witch","The Hood","Cloak & Dagger <- The Hood; Jubilee <- The Hood; Magik <- The Hood; Moon Knight <- Cloak & Dagger; Scarlet Witch <- Jubilee; The Hood <- Magik, Jubilee"
"303","Cloak & Dagger","Jubilee","Magik","Psylocke","Scarlet Witch","The Hood","Cloak & Dagger <- The Hood; Jubilee <- The Hood; Magik <- The Hood; Psylocke <- Cloak & Dagger; Scarlet Witch <- Jubilee; The Hood <- Magik, Jubilee"
"304","Cloak & Dagger","Jubilee","Magik","Psylocke","The Hood","White Fox","Cloak & Dagger <- The Hood; Jubilee <- The Hood; Magik <- The Hood; Psylocke <- Cloak & Dagger; The Hood <- Magik, Jubilee; White Fox <- Psylocke"
"305","Cloak & Dagger","Jubilee","Magneto","Moon Knight","Scarlet Witch","The Hood","Cloak & Dagger <- The Hood; Jubilee <- The Hood; Magneto <- Scarlet Witch; Moon Knight <- Cloak & Dagger; Scarlet Witch <- Jubilee; The Hood <- Jubilee"
"306","Cloak & Dagger","Jubilee","Magneto","Psylocke","Scarlet Witch","The Hood","Cloak & Dagger <- The Hood; Jubilee <- The Hood; Magneto <- Scarlet Witch; Psylocke <- Cloak & Dagger; Scarlet Witch <- Jubilee; The Hood <- Jubilee"
"307","Cloak & Dagger","Jubilee","Magneto","Rogue","Scarlet Witch","The Hood","Cloak & Dagger <- The Hood; Jubilee <- The Hood; Magneto <- Scarlet Witch; Rogue <- Magneto; Scarlet Witch <- Jubilee; The Hood <- Jubilee"
"308","Cloak & Dagger","Jubilee","Moon Knight","Psylocke","Scarlet Witch","The Hood","Cloak & Dagger <- The Hood; Jubilee <- The Hood; Moon Knight <- Cloak & Dagger; Psylocke <- Cloak & Dagger; Scarlet Witch <- Jubilee; The Hood <- Jubilee"
"309","Cloak & Dagger","Jubilee","Moon Knight","Psylocke","The Hood","White Fox","Cloak & Dagger <- The Hood; Jubilee <- The Hood; Moon Knight <- Cloak & Dagger; Psylocke <- Cloak & Dagger; The Hood <- Jubilee; White Fox <- Psylocke"
"310","Cloak & Dagger","Jubilee","Psylocke","Scarlet Witch","The Hood","White Fox","Cloak & Dagger <- The Hood; Jubilee <- The Hood; Psylocke <- Cloak & Dagger; Scarlet Witch <- Jubilee; The Hood <- Jubilee; White Fox <- Psylocke"
"311","Cloak & Dagger","Luna Snow","Magik","Psylocke","The Hood","White Fox","Cloak & Dagger <- Luna Snow, The Hood; Luna Snow <- White Fox; Magik <- The Hood; Psylocke <- Cloak & Dagger; The Hood <- Magik; White Fox <- Psylocke"
"312","Cloak & Dagger","Luna Snow","Moon Knight","Namor","Psylocke","White Fox","Cloak & Dagger <- Luna Snow; Luna Snow <- White Fox; Moon Knight <- Cloak & Dagger; Namor <- Luna Snow; Psylocke <- Cloak & Dagger; White Fox <- Psylocke"
"313","Cloak & Dagger","Magik","Moon Knight","Psylocke","The Hood","White Fox","Cloak & Dagger <- The Hood; Magik <- The Hood; Moon Knight <- Cloak & Dagger; Psylocke <- Cloak & Dagger; The Hood <- Magik; White Fox <- Psylocke"
"314","Cyclops","Deadpool","Elsa Bloodstone","Gambit","Jubilee","The Hood","Cyclops <- Gambit; Deadpool <- Gambit; Elsa Bloodstone <- Deadpool; Gambit <- Jubilee; Jubilee <- The Hood; The Hood <- Jubilee"
"315","Cyclops","Deadpool","Elsa Bloodstone","Hela","Phoenix","Venom","Cyclops <- Phoenix; Deadpool <- Hela; Elsa Bloodstone <- Deadpool; Hela <- Venom; Phoenix <- Hela; Venom <- Phoenix"
"316","Cyclops","Deadpool","Gambit","Human Torch","Jubilee","The Hood","Cyclops <- Gambit; Deadpool <- Gambit; Gambit <- Jubilee; Human Torch <- Jubilee; Jubilee <- The Hood; The Hood <- Jubilee"
"317","Cyclops","Deadpool","Gambit","Jeff the Land Shark","Jubilee","The Hood","Cyclops <- Gambit; Deadpool <- Gambit; Gambit <- Jubilee; Jeff the Land Shark <- Deadpool; Jubilee <- The Hood; The Hood <- Jubilee"
"318","Cyclops","Deadpool","Gambit","Jubilee","Magik","The Hood","Cyclops <- Gambit; Deadpool <- Gambit; Gambit <- Jubilee; Jubilee <- The Hood; Magik <- The Hood; The Hood <- Magik, Jubilee"
"319","Cyclops","Deadpool","Gambit","Jubilee","Rogue","The Hood","Cyclops <- Gambit; Deadpool <- Gambit; Gambit <- Jubilee; Jubilee <- The Hood; Rogue <- Gambit; The Hood <- Jubilee"
"320","Cyclops","Deadpool","Gambit","Jubilee","Scarlet Witch","The Hood","Cyclops <- Gambit; Deadpool <- Gambit; Gambit <- Jubilee; Jubilee <- The Hood; Scarlet Witch <- Jubilee; The Hood <- Jubilee"
"321","Cyclops","Deadpool","Gambit","Jubilee","The Hood","Wolverine","Cyclops <- Gambit; Deadpool <- Gambit; Gambit <- Jubilee; Jubilee <- The Hood; The Hood <- Jubilee; Wolverine <- Cyclops, Gambit"
"322","Cyclops","Deadpool","Hela","Jeff the Land Shark","Phoenix","Venom","Cyclops <- Phoenix; Deadpool <- Hela; Hela <- Venom; Jeff the Land Shark <- Venom, Deadpool; Phoenix <- Hela; Venom <- Phoenix"
"323","Cyclops","Deadpool","Hela","Loki","Phoenix","Venom","Cyclops <- Phoenix; Deadpool <- Hela; Hela <- Venom; Loki <- Hela; Phoenix <- Hela; Venom <- Phoenix"
"324","Cyclops","Deadpool","Hela","Phoenix","Spider-Man","Venom","Cyclops <- Phoenix; Deadpool <- Hela; Hela <- Venom; Phoenix <- Hela; Spider-Man <- Venom; Venom <- Phoenix"
"325","Cyclops","Deadpool","Hela","Phoenix","Thor","Venom","Cyclops <- Phoenix; Deadpool <- Hela; Hela <- Venom; Phoenix <- Hela; Thor <- Hela; Venom <- Phoenix"
"326","Cyclops","Deadpool","Hela","Phoenix","Venom","Wolverine","Cyclops <- Phoenix; Deadpool <- Hela; Hela <- Venom; Phoenix <- Hela; Venom <- Phoenix; Wolverine <- Cyclops"
"327","Cyclops","Devil Dinosaur","Hela","Jeff the Land Shark","Phoenix","Venom","Cyclops <- Phoenix; Devil Dinosaur <- Jeff the Land Shark; Hela <- Venom; Jeff the Land Shark <- Venom; Phoenix <- Hela; Venom <- Phoenix"
"328","Cyclops","Gambit","Hulk","Jubilee","The Hood","Wolverine","Cyclops <- Gambit; Gambit <- Jubilee; Hulk <- Wolverine; Jubilee <- The Hood; The Hood <- Jubilee; Wolverine <- Cyclops, Gambit"
"329","Cyclops","Gambit","Human Torch","Invisible Woman","Jubilee","The Hood","Cyclops <- Gambit; Gambit <- Jubilee; Human Torch <- Jubilee; Invisible Woman <- Human Torch; Jubilee <- The Hood; The Hood <- Jubilee"
"330","Cyclops","Gambit","Human Torch","Jubilee","Magik","The Hood","Cyclops <- Gambit; Gambit <- Jubilee; Human Torch <- Jubilee; Jubilee <- The Hood; Magik <- The Hood; The Hood <- Magik, Jubilee"
"331","Cyclops","Gambit","Human Torch","Jubilee","Rogue","The Hood","Cyclops <- Gambit; Gambit <- Jubilee; Human Torch <- Jubilee; Jubilee <- The Hood; Rogue <- Gambit; The Hood <- Jubilee"
"332","Cyclops","Gambit","Human Torch","Jubilee","Scarlet Witch","The Hood","Cyclops <- Gambit; Gambit <- Jubilee; Human Torch <- Jubilee; Jubilee <- The Hood; Scarlet Witch <- Jubilee; The Hood <- Jubilee"
"333","Cyclops","Gambit","Human Torch","Jubilee","The Hood","The Thing","Cyclops <- Gambit; Gambit <- Jubilee; Human Torch <- Jubilee; Jubilee <- The Hood; The Hood <- Jubilee; The Thing <- Human Torch"
"334","Cyclops","Gambit","Human Torch","Jubilee","The Hood","Wolverine","Cyclops <- Gambit; Gambit <- Jubilee; Human Torch <- Jubilee; Jubilee <- The Hood; The Hood <- Jubilee; Wolverine <- Cyclops, Gambit"
"335","Cyclops","Gambit","Jubilee","Magik","Rogue","The Hood","Cyclops <- Gambit; Gambit <- Jubilee; Jubilee <- The Hood; Magik <- The Hood; Rogue <- Gambit; The Hood <- Magik, Jubilee"
"336","Cyclops","Gambit","Jubilee","Magik","Scarlet Witch","The Hood","Cyclops <- Gambit; Gambit <- Jubilee; Jubilee <- The Hood; Magik <- The Hood; Scarlet Witch <- Jubilee; The Hood <- Magik, Jubilee"
"337","Cyclops","Gambit","Jubilee","Magik","The Hood","Wolverine","Cyclops <- Gambit; Gambit <- Jubilee; Jubilee <- The Hood; Magik <- The Hood; The Hood <- Magik, Jubilee; Wolverine <- Cyclops, Gambit"
"338","Cyclops","Gambit","Jubilee","Magneto","Scarlet Witch","The Hood","Cyclops <- Gambit; Gambit <- Jubilee, Magneto; Jubilee <- The Hood; Magneto <- Scarlet Witch; Scarlet Witch <- Jubilee; The Hood <- Jubilee"
"339","Cyclops","Gambit","Jubilee","Phoenix","Rogue","The Hood","Cyclops <- Phoenix, Gambit; Gambit <- Jubilee; Jubilee <- The Hood; Phoenix <- Rogue; Rogue <- Gambit; The Hood <- Jubilee"
"340","Cyclops","Gambit","Jubilee","Rogue","Scarlet Witch","The Hood","Cyclops <- Gambit; Gambit <- Jubilee; Jubilee <- The Hood; Rogue <- Gambit; Scarlet Witch <- Jubilee; The Hood <- Jubilee"
"341","Cyclops","Gambit","Jubilee","Rogue","The Hood","Wolverine","Cyclops <- Gambit; Gambit <- Jubilee; Jubilee <- The Hood; Rogue <- Gambit; The Hood <- Jubilee; Wolverine <- Cyclops, Gambit"
"342","Cyclops","Gambit","Jubilee","Scarlet Witch","The Hood","Wolverine","Cyclops <- Gambit; Gambit <- Jubilee; Jubilee <- The Hood; Scarlet Witch <- Jubilee; The Hood <- Jubilee; Wolverine <- Cyclops, Gambit"
"343","Cyclops","Groot","Hela","Jeff the Land Shark","Phoenix","Venom","Cyclops <- Phoenix; Groot <- Jeff the Land Shark; Hela <- Venom; Jeff the Land Shark <- Venom; Phoenix <- Hela; Venom <- Phoenix"
"344","Cyclops","Hela","Hulk","Namor","Phoenix","Wolverine","Cyclops <- Phoenix; Hela <- Namor; Hulk <- Wolverine; Namor <- Hulk; Phoenix <- Hela; Wolverine <- Cyclops"
"345","Cyclops","Hela","Hulk","Phoenix","Venom","Wolverine","Cyclops <- Phoenix; Hela <- Venom; Hulk <- Wolverine; Phoenix <- Hela; Venom <- Phoenix; Wolverine <- Cyclops"
"346","Cyclops","Hela","Iron Man","Phoenix","Thor","Venom","Cyclops <- Phoenix; Hela <- Venom; Iron Man <- Thor; Phoenix <- Hela; Thor <- Hela; Venom <- Phoenix"
"347","Cyclops","Hela","Jeff the Land Shark","Loki","Phoenix","Venom","Cyclops <- Phoenix; Hela <- Venom; Jeff the Land Shark <- Venom; Loki <- Hela; Phoenix <- Hela; Venom <- Phoenix"
"348","Cyclops","Hela","Jeff the Land Shark","Phoenix","Spider-Man","Venom","Cyclops <- Phoenix; Hela <- Venom; Jeff the Land Shark <- Venom; Phoenix <- Hela; Spider-Man <- Venom; Venom <- Phoenix"
"349","Cyclops","Hela","Jeff the Land Shark","Phoenix","Storm","Venom","Cyclops <- Phoenix; Hela <- Venom; Jeff the Land Shark <- Venom; Phoenix <- Hela; Storm <- Jeff the Land Shark; Venom <- Phoenix"
"350","Cyclops","Hela","Jeff the Land Shark","Phoenix","Thor","Venom","Cyclops <- Phoenix; Hela <- Venom; Jeff the Land Shark <- Venom; Phoenix <- Hela; Thor <- Hela; Venom <- Phoenix"
"351","Cyclops","Hela","Jeff the Land Shark","Phoenix","Venom","Wolverine","Cyclops <- Phoenix; Hela <- Venom; Jeff the Land Shark <- Venom; Phoenix <- Hela; Venom <- Phoenix; Wolverine <- Cyclops"
"352","Cyclops","Hela","Jubilee","Phoenix","The Hood","Venom","Cyclops <- Phoenix; Hela <- Venom; Jubilee <- The Hood; Phoenix <- Hela; The Hood <- Jubilee; Venom <- Phoenix"
"353","Cyclops","Hela","Loki","Phoenix","Spider-Man","Venom","Cyclops <- Phoenix; Hela <- Venom; Loki <- Hela; Phoenix <- Hela; Spider-Man <- Venom; Venom <- Phoenix"
"354","Cyclops","Hela","Loki","Phoenix","Thor","Venom","Cyclops <- Phoenix; Hela <- Venom; Loki <- Hela; Phoenix <- Hela; Thor <- Hela; Venom <- Phoenix"
"355","Cyclops","Hela","Loki","Phoenix","Venom","Wolverine","Cyclops <- Phoenix; Hela <- Venom; Loki <- Hela; Phoenix <- Hela; Venom <- Phoenix; Wolverine <- Cyclops"
"356","Cyclops","Hela","Magik","Phoenix","The Hood","Venom","Cyclops <- Phoenix; Hela <- Venom; Magik <- The Hood; Phoenix <- Hela; The Hood <- Magik; Venom <- Phoenix"
"357","Cyclops","Hela","Phoenix","Spider-Man","Squirrel Girl","Venom","Cyclops <- Phoenix; Hela <- Venom; Phoenix <- Hela; Spider-Man <- Venom; Squirrel Girl <- Spider-Man; Venom <- Phoenix"
"358","Cyclops","Hela","Phoenix","Spider-Man","Thor","Venom","Cyclops <- Phoenix; Hela <- Venom; Phoenix <- Hela; Spider-Man <- Venom; Thor <- Hela; Venom <- Phoenix"
"359","Cyclops","Hela","Phoenix","Spider-Man","Venom","Wolverine","Cyclops <- Phoenix; Hela <- Venom; Phoenix <- Hela; Spider-Man <- Venom; Venom <- Phoenix; Wolverine <- Cyclops"
"360","Cyclops","Hela","Phoenix","Storm","Thor","Venom","Cyclops <- Phoenix; Hela <- Venom; Phoenix <- Hela; Storm <- Thor; Thor <- Hela; Venom <- Phoenix"
"361","Cyclops","Hela","Phoenix","Thor","Venom","Wolverine","Cyclops <- Phoenix; Hela <- Venom; Phoenix <- Hela; Thor <- Hela; Venom <- Phoenix; Wolverine <- Cyclops"
"362","Daredevil","Doctor Strange","Invisible Woman","Iron Fist","Mister Fantastic","The Thing","Daredevil <- Iron Fist; Doctor Strange <- Invisible Woman; Invisible Woman <- Mister Fantastic; Iron Fist <- The Thing; Mister Fantastic <- The Thing; The Thing <- Invisible Woman"
"363","Daredevil","Emma Frost","Iron Fist","Luna Snow","Psylocke","White Fox","Daredevil <- Iron Fist; Emma Frost <- Luna Snow; Iron Fist <- White Fox; Luna Snow <- White Fox; Psylocke <- Emma Frost; White Fox <- Psylocke"
"364","Daredevil","Human Torch","Iron Fist","Jubilee","The Hood","The Thing","Daredevil <- Iron Fist; Human Torch <- Jubilee; Iron Fist <- The Thing; Jubilee <- The Hood; The Hood <- Jubilee; The Thing <- Human Torch"
"365","Daredevil","Invisible Woman","Iron Fist","Mister Fantastic","The Punisher","The Thing","Daredevil <- Iron Fist; Invisible Woman <- Mister Fantastic; Iron Fist <- The Thing; Mister Fantastic <- The Thing; The Punisher <- Daredevil; The Thing <- Invisible Woman"
"366","Deadpool","Devil Dinosaur","Gambit","Jeff the Land Shark","Jubilee","The Hood","Deadpool <- Gambit; Devil Dinosaur <- Jeff the Land Shark; Gambit <- Jubilee; Jeff the Land Shark <- Deadpool; Jubilee <- The Hood; The Hood <- Jubilee"
"367","Deadpool","Devil Dinosaur","Hela","Jeff the Land Shark","Phoenix","Venom","Deadpool <- Hela; Devil Dinosaur <- Jeff the Land Shark; Hela <- Venom; Jeff the Land Shark <- Venom, Deadpool; Phoenix <- Hela; Venom <- Phoenix"
"368","Deadpool","Elsa Bloodstone","Gambit","Human Torch","Jubilee","The Hood","Deadpool <- Gambit; Elsa Bloodstone <- Deadpool; Gambit <- Jubilee; Human Torch <- Jubilee; Jubilee <- The Hood; The Hood <- Jubilee"
"369","Deadpool","Elsa Bloodstone","Gambit","Jeff the Land Shark","Jubilee","The Hood","Deadpool <- Gambit; Elsa Bloodstone <- Deadpool; Gambit <- Jubilee; Jeff the Land Shark <- Deadpool; Jubilee <- The Hood; The Hood <- Jubilee"
"370","Deadpool","Elsa Bloodstone","Gambit","Jubilee","Magik","The Hood","Deadpool <- Gambit; Elsa Bloodstone <- Deadpool; Gambit <- Jubilee; Jubilee <- The Hood; Magik <- The Hood; The Hood <- Magik, Jubilee"
"371","Deadpool","Elsa Bloodstone","Gambit","Jubilee","Moon Knight","The Hood","Deadpool <- Gambit; Elsa Bloodstone <- Deadpool; Gambit <- Jubilee; Jubilee <- The Hood; Moon Knight <- Elsa Bloodstone; The Hood <- Jubilee"
"372","Deadpool","Elsa Bloodstone","Gambit","Jubilee","Rogue","The Hood","Deadpool <- Gambit; Elsa Bloodstone <- Deadpool; Gambit <- Jubilee; Jubilee <- The Hood; Rogue <- Gambit; The Hood <- Jubilee"
"373","Deadpool","Elsa Bloodstone","Gambit","Jubilee","Scarlet Witch","The Hood","Deadpool <- Gambit; Elsa Bloodstone <- Deadpool; Gambit <- Jubilee; Jubilee <- The Hood; Scarlet Witch <- Jubilee; The Hood <- Jubilee"
"374","Deadpool","Elsa Bloodstone","Gambit","Jubilee","The Hood","Winter Soldier","Deadpool <- Gambit; Elsa Bloodstone <- Deadpool; Gambit <- Jubilee; Jubilee <- The Hood; The Hood <- Jubilee; Winter Soldier <- Elsa Bloodstone"
"375","Deadpool","Elsa Bloodstone","Gambit","Jubilee","The Hood","Wolverine","Deadpool <- Gambit; Elsa Bloodstone <- Deadpool; Gambit <- Jubilee; Jubilee <- The Hood; The Hood <- Jubilee; Wolverine <- Gambit"
"376","Deadpool","Elsa Bloodstone","Hela","Jeff the Land Shark","Phoenix","Venom","Deadpool <- Hela; Elsa Bloodstone <- Deadpool; Hela <- Venom; Jeff the Land Shark <- Venom, Deadpool; Phoenix <- Hela; Venom <- Phoenix"
"377","Deadpool","Elsa Bloodstone","Hela","Loki","Phoenix","Venom","Deadpool <- Hela; Elsa Bloodstone <- Deadpool; Hela <- Venom; Loki <- Hela; Phoenix <- Hela; Venom <- Phoenix"
"378","Deadpool","Elsa Bloodstone","Hela","Moon Knight","Phoenix","Venom","Deadpool <- Hela; Elsa Bloodstone <- Deadpool; Hela <- Venom; Moon Knight <- Elsa Bloodstone; Phoenix <- Hela; Venom <- Phoenix"
"379","Deadpool","Elsa Bloodstone","Hela","Phoenix","Spider-Man","Venom","Deadpool <- Hela; Elsa Bloodstone <- Deadpool; Hela <- Venom; Phoenix <- Hela; Spider-Man <- Venom; Venom <- Phoenix"
"380","Deadpool","Elsa Bloodstone","Hela","Phoenix","Thor","Venom","Deadpool <- Hela; Elsa Bloodstone <- Deadpool; Hela <- Venom; Phoenix <- Hela; Thor <- Hela; Venom <- Phoenix"
"381","Deadpool","Elsa Bloodstone","Hela","Phoenix","Venom","Winter Soldier","Deadpool <- Hela; Elsa Bloodstone <- Deadpool; Hela <- Venom; Phoenix <- Hela; Venom <- Phoenix; Winter Soldier <- Elsa Bloodstone"
"382","Deadpool","Gambit","Groot","Jeff the Land Shark","Jubilee","The Hood","Deadpool <- Gambit; Gambit <- Jubilee; Groot <- Jeff the Land Shark; Jeff the Land Shark <- Deadpool; Jubilee <- The Hood; The Hood <- Jubilee"
"383","Deadpool","Gambit","Hulk","Jubilee","The Hood","Wolverine","Deadpool <- Gambit; Gambit <- Jubilee; Hulk <- Wolverine; Jubilee <- The Hood; The Hood <- Jubilee; Wolverine <- Gambit"
"384","Deadpool","Gambit","Human Torch","Invisible Woman","Jubilee","The Hood","Deadpool <- Gambit; Gambit <- Jubilee; Human Torch <- Jubilee; Invisible Woman <- Human Torch; Jubilee <- The Hood; The Hood <- Jubilee"
"385","Deadpool","Gambit","Human Torch","Jeff the Land Shark","Jubilee","The Hood","Deadpool <- Gambit; Gambit <- Jubilee; Human Torch <- Jubilee; Jeff the Land Shark <- Deadpool; Jubilee <- The Hood; The Hood <- Jubilee"
"386","Deadpool","Gambit","Human Torch","Jubilee","Magik","The Hood","Deadpool <- Gambit; Gambit <- Jubilee; Human Torch <- Jubilee; Jubilee <- The Hood; Magik <- The Hood; The Hood <- Magik, Jubilee"
"387","Deadpool","Gambit","Human Torch","Jubilee","Rogue","The Hood","Deadpool <- Gambit; Gambit <- Jubilee; Human Torch <- Jubilee; Jubilee <- The Hood; Rogue <- Gambit; The Hood <- Jubilee"
"388","Deadpool","Gambit","Human Torch","Jubilee","Scarlet Witch","The Hood","Deadpool <- Gambit; Gambit <- Jubilee; Human Torch <- Jubilee; Jubilee <- The Hood; Scarlet Witch <- Jubilee; The Hood <- Jubilee"
"389","Deadpool","Gambit","Human Torch","Jubilee","The Hood","The Thing","Deadpool <- Gambit; Gambit <- Jubilee; Human Torch <- Jubilee; Jubilee <- The Hood; The Hood <- Jubilee; The Thing <- Human Torch"
"390","Deadpool","Gambit","Human Torch","Jubilee","The Hood","Wolverine","Deadpool <- Gambit; Gambit <- Jubilee; Human Torch <- Jubilee; Jubilee <- The Hood; The Hood <- Jubilee; Wolverine <- Gambit"
"391","Deadpool","Gambit","Jeff the Land Shark","Jubilee","Magik","The Hood","Deadpool <- Gambit; Gambit <- Jubilee; Jeff the Land Shark <- Deadpool; Jubilee <- The Hood; Magik <- The Hood; The Hood <- Magik, Jubilee"
"392","Deadpool","Gambit","Jeff the Land Shark","Jubilee","Rogue","The Hood","Deadpool <- Gambit; Gambit <- Jubilee; Jeff the Land Shark <- Deadpool; Jubilee <- The Hood; Rogue <- Gambit; The Hood <- Jubilee"
"393","Deadpool","Gambit","Jeff the Land Shark","Jubilee","Scarlet Witch","The Hood","Deadpool <- Gambit; Gambit <- Jubilee; Jeff the Land Shark <- Deadpool; Jubilee <- The Hood; Scarlet Witch <- Jubilee; The Hood <- Jubilee"
"394","Deadpool","Gambit","Jeff the Land Shark","Jubilee","Storm","The Hood","Deadpool <- Gambit; Gambit <- Jubilee; Jeff the Land Shark <- Deadpool; Jubilee <- The Hood; Storm <- Jeff the Land Shark; The Hood <- Jubilee"
"395","Deadpool","Gambit","Jeff the Land Shark","Jubilee","The Hood","Wolverine","Deadpool <- Gambit; Gambit <- Jubilee; Jeff the Land Shark <- Deadpool; Jubilee <- The Hood; The Hood <- Jubilee; Wolverine <- Gambit"
"396","Deadpool","Gambit","Jubilee","Magik","Rogue","The Hood","Deadpool <- Gambit; Gambit <- Jubilee; Jubilee <- The Hood; Magik <- The Hood; Rogue <- Gambit; The Hood <- Magik, Jubilee"
"397","Deadpool","Gambit","Jubilee","Magik","Scarlet Witch","The Hood","Deadpool <- Gambit; Gambit <- Jubilee; Jubilee <- The Hood; Magik <- The Hood; Scarlet Witch <- Jubilee; The Hood <- Magik, Jubilee"
"398","Deadpool","Gambit","Jubilee","Magik","The Hood","Wolverine","Deadpool <- Gambit; Gambit <- Jubilee; Jubilee <- The Hood; Magik <- The Hood; The Hood <- Magik, Jubilee; Wolverine <- Gambit"
"399","Deadpool","Gambit","Jubilee","Magneto","Scarlet Witch","The Hood","Deadpool <- Gambit; Gambit <- Jubilee, Magneto; Jubilee <- The Hood; Magneto <- Scarlet Witch; Scarlet Witch <- Jubilee; The Hood <- Jubilee"
"400","Deadpool","Gambit","Jubilee","Phoenix","Rogue","The Hood","Deadpool <- Gambit; Gambit <- Jubilee; Jubilee <- The Hood; Phoenix <- Rogue; Rogue <- Gambit; The Hood <- Jubilee"
"401","Deadpool","Gambit","Jubilee","Rogue","Scarlet Witch","The Hood","Deadpool <- Gambit; Gambit <- Jubilee; Jubilee <- The Hood; Rogue <- Gambit; Scarlet Witch <- Jubilee; The Hood <- Jubilee"
"402","Deadpool","Gambit","Jubilee","Rogue","The Hood","Wolverine","Deadpool <- Gambit; Gambit <- Jubilee; Jubilee <- The Hood; Rogue <- Gambit; The Hood <- Jubilee; Wolverine <- Gambit"
"403","Deadpool","Gambit","Jubilee","Scarlet Witch","The Hood","Wolverine","Deadpool <- Gambit; Gambit <- Jubilee; Jubilee <- The Hood; Scarlet Witch <- Jubilee; The Hood <- Jubilee; Wolverine <- Gambit"
"404","Deadpool","Groot","Hela","Jeff the Land Shark","Phoenix","Venom","Deadpool <- Hela; Groot <- Jeff the Land Shark; Hela <- Venom; Jeff the Land Shark <- Venom, Deadpool; Phoenix <- Hela; Venom <- Phoenix"
"405","Deadpool","Hela","Iron Man","Phoenix","Thor","Venom","Deadpool <- Hela; Hela <- Venom; Iron Man <- Thor; Phoenix <- Hela; Thor <- Hela; Venom <- Phoenix"
"406","Deadpool","Hela","Jeff the Land Shark","Loki","Phoenix","Venom","Deadpool <- Hela; Hela <- Venom; Jeff the Land Shark <- Venom, Deadpool; Loki <- Hela; Phoenix <- Hela; Venom <- Phoenix"
"407","Deadpool","Hela","Jeff the Land Shark","Phoenix","Spider-Man","Venom","Deadpool <- Hela; Hela <- Venom; Jeff the Land Shark <- Venom, Deadpool; Phoenix <- Hela; Spider-Man <- Venom; Venom <- Phoenix"
"408","Deadpool","Hela","Jeff the Land Shark","Phoenix","Storm","Venom","Deadpool <- Hela; Hela <- Venom; Jeff the Land Shark <- Venom, Deadpool; Phoenix <- Hela; Storm <- Jeff the Land Shark; Venom <- Phoenix"
"409","Deadpool","Hela","Jeff the Land Shark","Phoenix","Thor","Venom","Deadpool <- Hela; Hela <- Venom; Jeff the Land Shark <- Venom, Deadpool; Phoenix <- Hela; Thor <- Hela; Venom <- Phoenix"
"410","Deadpool","Hela","Jubilee","Phoenix","The Hood","Venom","Deadpool <- Hela; Hela <- Venom; Jubilee <- The Hood; Phoenix <- Hela; The Hood <- Jubilee; Venom <- Phoenix"
"411","Deadpool","Hela","Loki","Phoenix","Spider-Man","Venom","Deadpool <- Hela; Hela <- Venom; Loki <- Hela; Phoenix <- Hela; Spider-Man <- Venom; Venom <- Phoenix"
"412","Deadpool","Hela","Loki","Phoenix","Thor","Venom","Deadpool <- Hela; Hela <- Venom; Loki <- Hela; Phoenix <- Hela; Thor <- Hela; Venom <- Phoenix"
"413","Deadpool","Hela","Magik","Phoenix","The Hood","Venom","Deadpool <- Hela; Hela <- Venom; Magik <- The Hood; Phoenix <- Hela; The Hood <- Magik; Venom <- Phoenix"
"414","Deadpool","Hela","Phoenix","Spider-Man","Squirrel Girl","Venom","Deadpool <- Hela; Hela <- Venom; Phoenix <- Hela; Spider-Man <- Venom; Squirrel Girl <- Spider-Man; Venom <- Phoenix"
"415","Deadpool","Hela","Phoenix","Spider-Man","Thor","Venom","Deadpool <- Hela; Hela <- Venom; Phoenix <- Hela; Spider-Man <- Venom; Thor <- Hela; Venom <- Phoenix"
"416","Deadpool","Hela","Phoenix","Storm","Thor","Venom","Deadpool <- Hela; Hela <- Venom; Phoenix <- Hela; Storm <- Thor; Thor <- Hela; Venom <- Phoenix"
"417","Devil Dinosaur","Elsa Bloodstone","Hela","Jeff the Land Shark","Phoenix","Venom","Devil Dinosaur <- Jeff the Land Shark; Elsa Bloodstone <- Devil Dinosaur; Hela <- Venom; Jeff the Land Shark <- Venom; Phoenix <- Hela; Venom <- Phoenix"
"418","Devil Dinosaur","Groot","Hela","Jeff the Land Shark","Phoenix","Venom","Devil Dinosaur <- Jeff the Land Shark; Groot <- Jeff the Land Shark; Hela <- Venom; Jeff the Land Shark <- Venom; Phoenix <- Hela; Venom <- Phoenix"
"419","Devil Dinosaur","Groot","Mantis","Rocket Raccoon","Star-Lord","The Punisher","Devil Dinosaur <- The Punisher; Groot <- Mantis; Mantis <- Star-Lord; Rocket Raccoon <- Groot; Star-Lord <- Groot; The Punisher <- Rocket Raccoon"
"420","Devil Dinosaur","Hela","Jeff the Land Shark","Loki","Phoenix","Venom","Devil Dinosaur <- Jeff the Land Shark; Hela <- Venom; Jeff the Land Shark <- Venom; Loki <- Hela; Phoenix <- Hela; Venom <- Phoenix"
"421","Devil Dinosaur","Hela","Jeff the Land Shark","Phoenix","Spider-Man","Venom","Devil Dinosaur <- Jeff the Land Shark; Hela <- Venom; Jeff the Land Shark <- Venom; Phoenix <- Hela; Spider-Man <- Venom; Venom <- Phoenix"
"422","Devil Dinosaur","Hela","Jeff the Land Shark","Phoenix","Storm","Venom","Devil Dinosaur <- Jeff the Land Shark; Hela <- Venom; Jeff the Land Shark <- Venom; Phoenix <- Hela; Storm <- Jeff the Land Shark; Venom <- Phoenix"
"423","Devil Dinosaur","Hela","Jeff the Land Shark","Phoenix","Thor","Venom","Devil Dinosaur <- Jeff the Land Shark; Hela <- Venom; Jeff the Land Shark <- Venom; Phoenix <- Hela; Thor <- Hela; Venom <- Phoenix"
"424","Devil Dinosaur","Peni Parker","Rocket Raccoon","Spider-Man","Squirrel Girl","The Punisher","Devil Dinosaur <- The Punisher; Peni Parker <- Rocket Raccoon; Rocket Raccoon <- Squirrel Girl; Spider-Man <- Peni Parker; Squirrel Girl <- Spider-Man; The Punisher <- Rocket Raccoon"
"425","Doctor Strange","Gambit","Hulk","Jubilee","The Hood","Wolverine","Doctor Strange <- Hulk; Gambit <- Jubilee; Hulk <- Wolverine; Jubilee <- The Hood; The Hood <- Jubilee; Wolverine <- Gambit"
"426","Doctor Strange","Gambit","Hulk","Magneto","Scarlet Witch","Wolverine","Doctor Strange <- Hulk; Gambit <- Magneto; Hulk <- Wolverine; Magneto <- Scarlet Witch; Scarlet Witch <- Doctor Strange; Wolverine <- Gambit"
"427","Doctor Strange","Gambit","Human Torch","Invisible Woman","Jubilee","The Hood","Doctor Strange <- Invisible Woman; Gambit <- Jubilee; Human Torch <- Jubilee; Invisible Woman <- Human Torch; Jubilee <- The Hood; The Hood <- Jubilee"
"428","Doctor Strange","Human Torch","Invisible Woman","Jubilee","Magik","The Hood","Doctor Strange <- Invisible Woman; Human Torch <- Jubilee; Invisible Woman <- Human Torch; Jubilee <- The Hood; Magik <- Doctor Strange, The Hood; The Hood <- Magik, Jubilee"
"429","Doctor Strange","Human Torch","Invisible Woman","Jubilee","Scarlet Witch","The Hood","Doctor Strange <- Invisible Woman; Human Torch <- Jubilee; Invisible Woman <- Human Torch; Jubilee <- The Hood; Scarlet Witch <- Doctor Strange, Jubilee; The Hood <- Jubilee"
"430","Doctor Strange","Human Torch","Invisible Woman","Jubilee","The Hood","The Thing","Doctor Strange <- Invisible Woman; Human Torch <- Jubilee; Invisible Woman <- Human Torch; Jubilee <- The Hood; The Hood <- Jubilee; The Thing <- Human Torch, Invisible Woman"
"431","Doctor Strange","Invisible Woman","Iron Fist","Magik","Mister Fantastic","The Thing","Doctor Strange <- Invisible Woman; Invisible Woman <- Mister Fantastic; Iron Fist <- The Thing; Magik <- Doctor Strange; Mister Fantastic <- The Thing; The Thing <- Invisible Woman"
"432","Doctor Strange","Invisible Woman","Iron Fist","Mister Fantastic","Scarlet Witch","The Thing","Doctor Strange <- Invisible Woman; Invisible Woman <- Mister Fantastic; Iron Fist <- The Thing; Mister Fantastic <- The Thing; Scarlet Witch <- Doctor Strange; The Thing <- Invisible Woman"
"433","Doctor Strange","Invisible Woman","Jubilee","Mister Fantastic","The Hood","The Thing","Doctor Strange <- Invisible Woman; Invisible Woman <- Mister Fantastic; Jubilee <- The Hood; Mister Fantastic <- The Thing; The Hood <- Jubilee; The Thing <- Invisible Woman"
"434","Doctor Strange","Invisible Woman","Magik","Mister Fantastic","Scarlet Witch","The Thing","Doctor Strange <- Invisible Woman; Invisible Woman <- Mister Fantastic; Magik <- Doctor Strange; Mister Fantastic <- The Thing; Scarlet Witch <- Doctor Strange; The Thing <- Invisible Woman"
"435","Doctor Strange","Invisible Woman","Magik","Mister Fantastic","The Hood","The Thing","Doctor Strange <- Invisible Woman; Invisible Woman <- Mister Fantastic; Magik <- Doctor Strange, The Hood; Mister Fantastic <- The Thing; The Hood <- Magik; The Thing <- Invisible Woman"
"436","Doctor Strange","Invisible Woman","Magneto","Mister Fantastic","Scarlet Witch","The Thing","Doctor Strange <- Invisible Woman; Invisible Woman <- Mister Fantastic; Magneto <- Scarlet Witch; Mister Fantastic <- The Thing; Scarlet Witch <- Doctor Strange; The Thing <- Invisible Woman"
"437","Emma Frost","Gambit","Groot","Magneto","Mantis","Star-Lord","Emma Frost <- Mantis; Gambit <- Magneto; Groot <- Mantis; Magneto <- Emma Frost; Mantis <- Star-Lord; Star-Lord <- Groot"
"438","Emma Frost","Gambit","Luna Snow","Magneto","Psylocke","White Fox","Emma Frost <- Luna Snow; Gambit <- Magneto; Luna Snow <- White Fox; Magneto <- Emma Frost; Psylocke <- Emma Frost; White Fox <- Psylocke"
"439","Emma Frost","Groot","Hawkeye","Mantis","Psylocke","Star-Lord","Emma Frost <- Mantis; Groot <- Mantis; Hawkeye <- Psylocke; Mantis <- Star-Lord; Psylocke <- Emma Frost; Star-Lord <- Groot"
"440","Emma Frost","Groot","Jubilee","Mantis","Star-Lord","The Hood","Emma Frost <- Mantis; Groot <- Mantis; Jubilee <- The Hood; Mantis <- Star-Lord; Star-Lord <- Groot; The Hood <- Jubilee"
"441","Emma Frost","Groot","Loki","Magneto","Mantis","Star-Lord","Emma Frost <- Mantis; Groot <- Mantis; Loki <- Mantis; Magneto <- Emma Frost; Mantis <- Star-Lord; Star-Lord <- Groot"
"442","Emma Frost","Groot","Loki","Mantis","Psylocke","Star-Lord","Emma Frost <- Mantis; Groot <- Mantis; Loki <- Mantis; Mantis <- Star-Lord; Psylocke <- Emma Frost; Star-Lord <- Groot"
"443","Emma Frost","Groot","Loki","Mantis","Rocket Raccoon","Star-Lord","Emma Frost <- Mantis; Groot <- Mantis; Loki <- Mantis; Mantis <- Star-Lord; Rocket Raccoon <- Groot; Star-Lord <- Groot"
"444","Emma Frost","Groot","Magik","Mantis","Star-Lord","The Hood","Emma Frost <- Mantis; Groot <- Mantis; Magik <- The Hood; Mantis <- Star-Lord; Star-Lord <- Groot; The Hood <- Magik"
"445","Emma Frost","Groot","Magneto","Mantis","Psylocke","Star-Lord","Emma Frost <- Mantis; Groot <- Mantis; Magneto <- Emma Frost; Mantis <- Star-Lord; Psylocke <- Emma Frost; Star-Lord <- Groot"
"446","Emma Frost","Groot","Magneto","Mantis","Rocket Raccoon","Star-Lord","Emma Frost <- Mantis; Groot <- Mantis; Magneto <- Emma Frost; Mantis <- Star-Lord; Rocket Raccoon <- Groot; Star-Lord <- Groot"
"447","Emma Frost","Groot","Magneto","Mantis","Rogue","Star-Lord","Emma Frost <- Mantis; Groot <- Mantis; Magneto <- Emma Frost; Mantis <- Star-Lord; Rogue <- Magneto; Star-Lord <- Groot"
"448","Emma Frost","Groot","Mantis","Mister Fantastic","Rocket Raccoon","Star-Lord","Emma Frost <- Mantis; Groot <- Mantis; Mantis <- Star-Lord; Mister Fantastic <- Rocket Raccoon; Rocket Raccoon <- Groot; Star-Lord <- Groot"
"449","Emma Frost","Groot","Mantis","Peni Parker","Rocket Raccoon","Star-Lord","Emma Frost <- Mantis; Groot <- Mantis; Mantis <- Star-Lord; Peni Parker <- Rocket Raccoon; Rocket Raccoon <- Groot; Star-Lord <- Groot"
"450","Emma Frost","Groot","Mantis","Psylocke","Rocket Raccoon","Star-Lord","Emma Frost <- Mantis; Groot <- Mantis; Mantis <- Star-Lord; Psylocke <- Emma Frost; Rocket Raccoon <- Groot; Star-Lord <- Groot"
"451","Emma Frost","Groot","Mantis","Psylocke","Star-Lord","White Fox","Emma Frost <- Mantis; Groot <- Mantis; Mantis <- Star-Lord; Psylocke <- Emma Frost; Star-Lord <- Groot; White Fox <- Psylocke"
"452","Emma Frost","Groot","Mantis","Rocket Raccoon","Star-Lord","The Punisher","Emma Frost <- Mantis; Groot <- Mantis; Mantis <- Star-Lord; Rocket Raccoon <- Groot; Star-Lord <- Groot; The Punisher <- Rocket Raccoon"
"453","Emma Frost","Hawkeye","Iron Fist","Luna Snow","Psylocke","White Fox","Emma Frost <- Luna Snow; Hawkeye <- Psylocke; Iron Fist <- White Fox; Luna Snow <- White Fox; Psylocke <- Emma Frost; White Fox <- Psylocke"
"454","Emma Frost","Hawkeye","Luna Snow","Magneto","Psylocke","White Fox","Emma Frost <- Luna Snow; Hawkeye <- Psylocke; Luna Snow <- White Fox; Magneto <- Emma Frost; Psylocke <- Emma Frost; White Fox <- Psylocke"
"455","Emma Frost","Hawkeye","Luna Snow","Namor","Psylocke","White Fox","Emma Frost <- Luna Snow; Hawkeye <- Psylocke; Luna Snow <- White Fox; Namor <- Luna Snow; Psylocke <- Emma Frost; White Fox <- Psylocke"
"456","Emma Frost","Hela","Luna Snow","Namor","Psylocke","White Fox","Emma Frost <- Luna Snow; Hela <- Namor; Luna Snow <- White Fox; Namor <- Luna Snow; Psylocke <- Emma Frost; White Fox <- Psylocke"
"457","Emma Frost","Iron Fist","Luna Snow","Magneto","Psylocke","White Fox","Emma Frost <- Luna Snow; Iron Fist <- White Fox; Luna Snow <- White Fox; Magneto <- Emma Frost; Psylocke <- Emma Frost; White Fox <- Psylocke"
"458","Emma Frost","Iron Fist","Luna Snow","Namor","Psylocke","White Fox","Emma Frost <- Luna Snow; Iron Fist <- White Fox; Luna Snow <- White Fox; Namor <- Luna Snow; Psylocke <- Emma Frost; White Fox <- Psylocke"
"459","Emma Frost","Jubilee","Luna Snow","Psylocke","The Hood","White Fox","Emma Frost <- Luna Snow; Jubilee <- The Hood; Luna Snow <- White Fox; Psylocke <- Emma Frost; The Hood <- Jubilee; White Fox <- Psylocke"
"460","Emma Frost","Luna Snow","Magik","Psylocke","The Hood","White Fox","Emma Frost <- Luna Snow; Luna Snow <- White Fox; Magik <- The Hood; Psylocke <- Emma Frost; The Hood <- Magik; White Fox <- Psylocke"
"461","Emma Frost","Luna Snow","Magneto","Namor","Psylocke","White Fox","Emma Frost <- Luna Snow; Luna Snow <- White Fox; Magneto <- Emma Frost; Namor <- Luna Snow; Psylocke <- Emma Frost; White Fox <- Psylocke"
"462","Emma Frost","Luna Snow","Magneto","Psylocke","Rogue","White Fox","Emma Frost <- Luna Snow; Luna Snow <- White Fox; Magneto <- Emma Frost; Psylocke <- Emma Frost; Rogue <- Magneto; White Fox <- Psylocke"
"463","Gambit","Groot","Jubilee","Mantis","Star-Lord","The Hood","Gambit <- Jubilee; Groot <- Mantis; Jubilee <- The Hood; Mantis <- Star-Lord; Star-Lord <- Groot; The Hood <- Jubilee"
"464","Gambit","Hela","Jubilee","Phoenix","The Hood","Venom","Gambit <- Jubilee; Hela <- Venom; Jubilee <- The Hood; Phoenix <- Hela; The Hood <- Jubilee; Venom <- Phoenix"
"465","Gambit","Hulk","Human Torch","Jubilee","The Hood","Wolverine","Gambit <- Jubilee; Hulk <- Wolverine; Human Torch <- Jubilee; Jubilee <- The Hood; The Hood <- Jubilee; Wolverine <- Gambit"
"466","Gambit","Hulk","Iron Man","Jubilee","The Hood","Wolverine","Gambit <- Jubilee; Hulk <- Wolverine; Iron Man <- Hulk; Jubilee <- The Hood; The Hood <- Jubilee; Wolverine <- Gambit"
"467","Gambit","Hulk","Jubilee","Magik","The Hood","Wolverine","Gambit <- Jubilee; Hulk <- Wolverine; Jubilee <- The Hood; Magik <- The Hood; The Hood <- Magik, Jubilee; Wolverine <- Gambit"
"468","Gambit","Hulk","Jubilee","Namor","The Hood","Wolverine","Gambit <- Jubilee; Hulk <- Wolverine; Jubilee <- The Hood; Namor <- Hulk; The Hood <- Jubilee; Wolverine <- Gambit"
"469","Gambit","Hulk","Jubilee","Rogue","The Hood","Wolverine","Gambit <- Jubilee; Hulk <- Wolverine; Jubilee <- The Hood; Rogue <- Gambit; The Hood <- Jubilee; Wolverine <- Gambit"
"470","Gambit","Hulk","Jubilee","Scarlet Witch","The Hood","Wolverine","Gambit <- Jubilee; Hulk <- Wolverine; Jubilee <- The Hood; Scarlet Witch <- Jubilee; The Hood <- Jubilee; Wolverine <- Gambit"
"471","Gambit","Human Torch","Invisible Woman","Jubilee","Magik","The Hood","Gambit <- Jubilee; Human Torch <- Jubilee; Invisible Woman <- Human Torch; Jubilee <- The Hood; Magik <- The Hood; The Hood <- Magik, Jubilee"
"472","Gambit","Human Torch","Invisible Woman","Jubilee","Rogue","The Hood","Gambit <- Jubilee; Human Torch <- Jubilee; Invisible Woman <- Human Torch; Jubilee <- The Hood; Rogue <- Gambit; The Hood <- Jubilee"
"473","Gambit","Human Torch","Invisible Woman","Jubilee","Scarlet Witch","The Hood","Gambit <- Jubilee; Human Torch <- Jubilee; Invisible Woman <- Human Torch; Jubilee <- The Hood; Scarlet Witch <- Jubilee; The Hood <- Jubilee"
"474","Gambit","Human Torch","Invisible Woman","Jubilee","The Hood","The Thing","Gambit <- Jubilee; Human Torch <- Jubilee; Invisible Woman <- Human Torch; Jubilee <- The Hood; The Hood <- Jubilee; The Thing <- Human Torch, Invisible Woman"
"475","Gambit","Human Torch","Invisible Woman","Jubilee","The Hood","Wolverine","Gambit <- Jubilee; Human Torch <- Jubilee; Invisible Woman <- Human Torch; Jubilee <- The Hood; The Hood <- Jubilee; Wolverine <- Gambit"
"476","Gambit","Human Torch","Iron Fist","Jubilee","The Hood","The Thing","Gambit <- Jubilee; Human Torch <- Jubilee; Iron Fist <- The Thing; Jubilee <- The Hood; The Hood <- Jubilee; The Thing <- Human Torch"
"477","Gambit","Human Torch","Jubilee","Magik","Rogue","The Hood","Gambit <- Jubilee; Human Torch <- Jubilee; Jubilee <- The Hood; Magik <- The Hood; Rogue <- Gambit; The Hood <- Magik, Jubilee"
"478","Gambit","Human Torch","Jubilee","Magik","Scarlet Witch","The Hood","Gambit <- Jubilee; Human Torch <- Jubilee; Jubilee <- The Hood; Magik <- The Hood; Scarlet Witch <- Jubilee; The Hood <- Magik, Jubilee"
"479","Gambit","Human Torch","Jubilee","Magik","The Hood","The Thing","Gambit <- Jubilee; Human Torch <- Jubilee; Jubilee <- The Hood; Magik <- The Hood; The Hood <- Magik, Jubilee; The Thing <- Human Torch"
"480","Gambit","Human Torch","Jubilee","Magik","The Hood","Wolverine","Gambit <- Jubilee; Human Torch <- Jubilee; Jubilee <- The Hood; Magik <- The Hood; The Hood <- Magik, Jubilee; Wolverine <- Gambit"
"481","Gambit","Human Torch","Jubilee","Magneto","Scarlet Witch","The Hood","Gambit <- Jubilee, Magneto; Human Torch <- Jubilee; Jubilee <- The Hood; Magneto <- Scarlet Witch; Scarlet Witch <- Jubilee; The Hood <- Jubilee"
"482","Gambit","Human Torch","Jubilee","Mister Fantastic","The Hood","The Thing","Gambit <- Jubilee; Human Torch <- Jubilee; Jubilee <- The Hood; Mister Fantastic <- The Thing; The Hood <- Jubilee; The Thing <- Human Torch"
"483","Gambit","Human Torch","Jubilee","Phoenix","Rogue","The Hood","Gambit <- Jubilee; Human Torch <- Jubilee; Jubilee <- The Hood; Phoenix <- Rogue; Rogue <- Gambit; The Hood <- Jubilee"
"484","Gambit","Human Torch","Jubilee","Rogue","Scarlet Witch","The Hood","Gambit <- Jubilee; Human Torch <- Jubilee; Jubilee <- The Hood; Rogue <- Gambit; Scarlet Witch <- Jubilee; The Hood <- Jubilee"
"485","Gambit","Human Torch","Jubilee","Rogue","The Hood","The Thing","Gambit <- Jubilee; Human Torch <- Jubilee; Jubilee <- The Hood; Rogue <- Gambit; The Hood <- Jubilee; The Thing <- Human Torch"
"486","Gambit","Human Torch","Jubilee","Rogue","The Hood","Wolverine","Gambit <- Jubilee; Human Torch <- Jubilee; Jubilee <- The Hood; Rogue <- Gambit; The Hood <- Jubilee; Wolverine <- Gambit"
"487","Gambit","Human Torch","Jubilee","Scarlet Witch","The Hood","The Thing","Gambit <- Jubilee; Human Torch <- Jubilee; Jubilee <- The Hood; Scarlet Witch <- Jubilee; The Hood <- Jubilee; The Thing <- Human Torch"
"488","Gambit","Human Torch","Jubilee","Scarlet Witch","The Hood","Wolverine","Gambit <- Jubilee; Human Torch <- Jubilee; Jubilee <- The Hood; Scarlet Witch <- Jubilee; The Hood <- Jubilee; Wolverine <- Gambit"
"489","Gambit","Human Torch","Jubilee","The Hood","The Thing","Wolverine","Gambit <- Jubilee; Human Torch <- Jubilee; Jubilee <- The Hood; The Hood <- Jubilee; The Thing <- Human Torch; Wolverine <- Gambit"
"490","Gambit","Invisible Woman","Jubilee","Mister Fantastic","The Hood","The Thing","Gambit <- Jubilee; Invisible Woman <- Mister Fantastic; Jubilee <- The Hood; Mister Fantastic <- The Thing; The Hood <- Jubilee; The Thing <- Invisible Woman"
"491","Gambit","Jubilee","Magik","Magneto","Scarlet Witch","The Hood","Gambit <- Jubilee, Magneto; Jubilee <- The Hood; Magik <- The Hood; Magneto <- Scarlet Witch; Scarlet Witch <- Jubilee; The Hood <- Magik, Jubilee"
"492","Gambit","Jubilee","Magik","Phoenix","Rogue","The Hood","Gambit <- Jubilee; Jubilee <- The Hood; Magik <- The Hood; Phoenix <- Rogue; Rogue <- Gambit; The Hood <- Magik, Jubilee"
"493","Gambit","Jubilee","Magik","Rogue","Scarlet Witch","The Hood","Gambit <- Jubilee; Jubilee <- The Hood; Magik <- The Hood; Rogue <- Gambit; Scarlet Witch <- Jubilee; The Hood <- Magik, Jubilee"
"494","Gambit","Jubilee","Magik","Rogue","The Hood","Wolverine","Gambit <- Jubilee; Jubilee <- The Hood; Magik <- The Hood; Rogue <- Gambit; The Hood <- Magik, Jubilee; Wolverine <- Gambit"
"495","Gambit","Jubilee","Magik","Scarlet Witch","The Hood","Wolverine","Gambit <- Jubilee; Jubilee <- The Hood; Magik <- The Hood; Scarlet Witch <- Jubilee; The Hood <- Magik, Jubilee; Wolverine <- Gambit"
"496","Gambit","Jubilee","Magneto","Rogue","Scarlet Witch","The Hood","Gambit <- Jubilee, Magneto; Jubilee <- The Hood; Magneto <- Scarlet Witch; Rogue <- Gambit, Magneto; Scarlet Witch <- Jubilee; The Hood <- Jubilee"
"497","Gambit","Jubilee","Magneto","Scarlet Witch","The Hood","Wolverine","Gambit <- Jubilee, Magneto; Jubilee <- The Hood; Magneto <- Scarlet Witch; Scarlet Witch <- Jubilee; The Hood <- Jubilee; Wolverine <- Gambit"
"498","Gambit","Jubilee","Phoenix","Rogue","Scarlet Witch","The Hood","Gambit <- Jubilee; Jubilee <- The Hood; Phoenix <- Rogue; Rogue <- Gambit; Scarlet Witch <- Jubilee; The Hood <- Jubilee"
"499","Gambit","Jubilee","Phoenix","Rogue","The Hood","Venom","Gambit <- Jubilee; Jubilee <- The Hood; Phoenix <- Rogue; Rogue <- Gambit; The Hood <- Jubilee; Venom <- Phoenix"
"500","Gambit","Jubilee","Phoenix","Rogue","The Hood","Wolverine","Gambit <- Jubilee; Jubilee <- The Hood; Phoenix <- Rogue; Rogue <- Gambit; The Hood <- Jubilee; Wolverine <- Gambit"
"501","Gambit","Jubilee","Rogue","Scarlet Witch","The Hood","Wolverine","Gambit <- Jubilee; Jubilee <- The Hood; Rogue <- Gambit; Scarlet Witch <- Jubilee; The Hood <- Jubilee; Wolverine <- Gambit"
"502","Groot","Hela","Jeff the Land Shark","Loki","Phoenix","Venom","Groot <- Jeff the Land Shark; Hela <- Venom; Jeff the Land Shark <- Venom; Loki <- Hela; Phoenix <- Hela; Venom <- Phoenix"
"503","Groot","Hela","Jeff the Land Shark","Phoenix","Rocket Raccoon","Venom","Groot <- Jeff the Land Shark; Hela <- Venom; Jeff the Land Shark <- Venom; Phoenix <- Hela; Rocket Raccoon <- Groot; Venom <- Phoenix"
"504","Groot","Hela","Jeff the Land Shark","Phoenix","Spider-Man","Venom","Groot <- Jeff the Land Shark; Hela <- Venom; Jeff the Land Shark <- Venom; Phoenix <- Hela; Spider-Man <- Venom; Venom <- Phoenix"
"505","Groot","Hela","Jeff the Land Shark","Phoenix","Star-Lord","Venom","Groot <- Jeff the Land Shark; Hela <- Venom; Jeff the Land Shark <- Venom; Phoenix <- Hela; Star-Lord <- Groot; Venom <- Phoenix"
"506","Groot","Hela","Jeff the Land Shark","Phoenix","Storm","Venom","Groot <- Jeff the Land Shark; Hela <- Venom; Jeff the Land Shark <- Venom; Phoenix <- Hela; Storm <- Jeff the Land Shark; Venom <- Phoenix"
"507","Groot","Hela","Jeff the Land Shark","Phoenix","Thor","Venom","Groot <- Jeff the Land Shark; Hela <- Venom; Jeff the Land Shark <- Venom; Phoenix <- Hela; Thor <- Hela; Venom <- Phoenix"
"508","Groot","Hela","Mantis","Phoenix","Star-Lord","Venom","Groot <- Mantis; Hela <- Venom; Mantis <- Star-Lord; Phoenix <- Hela; Star-Lord <- Groot; Venom <- Phoenix"
"509","Groot","Human Torch","Jubilee","Mantis","Star-Lord","The Hood","Groot <- Mantis; Human Torch <- Jubilee; Jubilee <- The Hood; Mantis <- Star-Lord; Star-Lord <- Groot; The Hood <- Jubilee"
"510","Groot","Invisible Woman","Mantis","Mister Fantastic","Rocket Raccoon","Star-Lord","Groot <- Mantis; Invisible Woman <- Mister Fantastic; Mantis <- Star-Lord; Mister Fantastic <- Rocket Raccoon; Rocket Raccoon <- Groot; Star-Lord <- Groot"
"511","Groot","Invisible Woman","Mantis","Mister Fantastic","Star-Lord","The Thing","Groot <- Mantis; Invisible Woman <- Mister Fantastic; Mantis <- Star-Lord; Mister Fantastic <- The Thing; Star-Lord <- Groot; The Thing <- Invisible Woman"
"512","Groot","Jubilee","Loki","Mantis","Star-Lord","The Hood","Groot <- Mantis; Jubilee <- The Hood; Loki <- Mantis; Mantis <- Star-Lord; Star-Lord <- Groot; The Hood <- Jubilee"
"513","Groot","Jubilee","Magik","Mantis","Star-Lord","The Hood","Groot <- Mantis; Jubilee <- The Hood; Magik <- The Hood; Mantis <- Star-Lord; Star-Lord <- Groot; The Hood <- Magik, Jubilee"
"514","Groot","Jubilee","Mantis","Rocket Raccoon","Star-Lord","The Hood","Groot <- Mantis; Jubilee <- The Hood; Mantis <- Star-Lord; Rocket Raccoon <- Groot; Star-Lord <- Groot; The Hood <- Jubilee"
"515","Groot","Jubilee","Mantis","Scarlet Witch","Star-Lord","The Hood","Groot <- Mantis; Jubilee <- The Hood; Mantis <- Star-Lord; Scarlet Witch <- Jubilee; Star-Lord <- Groot; The Hood <- Jubilee"
"516","Groot","Loki","Magik","Mantis","Star-Lord","The Hood","Groot <- Mantis; Loki <- Mantis; Magik <- The Hood; Mantis <- Star-Lord; Star-Lord <- Groot; The Hood <- Magik"
"517","Groot","Loki","Mantis","Mister Fantastic","Rocket Raccoon","Star-Lord","Groot <- Mantis; Loki <- Mantis; Mantis <- Star-Lord; Mister Fantastic <- Rocket Raccoon; Rocket Raccoon <- Groot; Star-Lord <- Groot"
"518","Groot","Loki","Mantis","Peni Parker","Rocket Raccoon","Star-Lord","Groot <- Mantis; Loki <- Mantis; Mantis <- Star-Lord; Peni Parker <- Rocket Raccoon; Rocket Raccoon <- Groot; Star-Lord <- Groot"
"519","Groot","Loki","Mantis","Rocket Raccoon","Star-Lord","The Punisher","Groot <- Mantis; Loki <- Mantis; Mantis <- Star-Lord; Rocket Raccoon <- Groot; Star-Lord <- Groot; The Punisher <- Rocket Raccoon"
"520","Groot","Magik","Mantis","Rocket Raccoon","Star-Lord","The Hood","Groot <- Mantis; Magik <- The Hood; Mantis <- Star-Lord; Rocket Raccoon <- Groot; Star-Lord <- Groot; The Hood <- Magik"
"521","Groot","Mantis","Mister Fantastic","Peni Parker","Rocket Raccoon","Star-Lord","Groot <- Mantis; Mantis <- Star-Lord; Mister Fantastic <- Rocket Raccoon; Peni Parker <- Rocket Raccoon; Rocket Raccoon <- Groot; Star-Lord <- Groot"
"522","Groot","Mantis","Mister Fantastic","Rocket Raccoon","Star-Lord","The Punisher","Groot <- Mantis; Mantis <- Star-Lord; Mister Fantastic <- Rocket Raccoon; Rocket Raccoon <- Groot; Star-Lord <- Groot; The Punisher <- Rocket Raccoon"
"523","Groot","Mantis","Peni Parker","Rocket Raccoon","Spider-Man","Star-Lord","Groot <- Mantis; Mantis <- Star-Lord; Peni Parker <- Rocket Raccoon; Rocket Raccoon <- Groot; Spider-Man <- Peni Parker; Star-Lord <- Groot"
"524","Groot","Mantis","Peni Parker","Rocket Raccoon","Star-Lord","The Punisher","Groot <- Mantis; Mantis <- Star-Lord; Peni Parker <- Rocket Raccoon; Rocket Raccoon <- Groot; Star-Lord <- Groot; The Punisher <- Rocket Raccoon"
"525","Groot","Mantis","Peni Parker","Rocket Raccoon","Star-Lord","Ultron","Groot <- Mantis; Mantis <- Star-Lord; Peni Parker <- Rocket Raccoon; Rocket Raccoon <- Groot; Star-Lord <- Groot; Ultron <- Peni Parker"
"526","Groot","Mantis","Rocket Raccoon","Star-Lord","The Punisher","Winter Soldier","Groot <- Mantis; Mantis <- Star-Lord; Rocket Raccoon <- Groot; Star-Lord <- Groot; The Punisher <- Rocket Raccoon; Winter Soldier <- The Punisher"
"527","Hela","Human Torch","Jeff the Land Shark","Phoenix","Storm","Venom","Hela <- Venom; Human Torch <- Storm; Jeff the Land Shark <- Venom; Phoenix <- Hela; Storm <- Jeff the Land Shark; Venom <- Phoenix"
"528","Hela","Human Torch","Jubilee","Phoenix","The Hood","Venom","Hela <- Venom; Human Torch <- Jubilee; Jubilee <- The Hood; Phoenix <- Hela; The Hood <- Jubilee; Venom <- Phoenix"
"529","Hela","Human Torch","Phoenix","Storm","Thor","Venom","Hela <- Venom; Human Torch <- Storm; Phoenix <- Hela; Storm <- Thor; Thor <- Hela; Venom <- Phoenix"
"530","Hela","Invisible Woman","Mister Fantastic","Phoenix","The Thing","Venom","Hela <- Venom; Invisible Woman <- Mister Fantastic; Mister Fantastic <- The Thing; Phoenix <- Hela; The Thing <- Invisible Woman; Venom <- Phoenix"
"531","Hela","Iron Man","Jeff the Land Shark","Phoenix","Thor","Venom","Hela <- Venom; Iron Man <- Thor; Jeff the Land Shark <- Venom; Phoenix <- Hela; Thor <- Hela; Venom <- Phoenix"
"532","Hela","Iron Man","Loki","Phoenix","Thor","Venom","Hela <- Venom; Iron Man <- Thor; Loki <- Hela; Phoenix <- Hela; Thor <- Hela; Venom <- Phoenix"
"533","Hela","Iron Man","Phoenix","Spider-Man","Thor","Venom","Hela <- Venom; Iron Man <- Thor; Phoenix <- Hela; Spider-Man <- Venom; Thor <- Hela; Venom <- Phoenix"
"534","Hela","Iron Man","Phoenix","Squirrel Girl","Thor","Venom","Hela <- Venom; Iron Man <- Thor; Phoenix <- Hela; Squirrel Girl <- Iron Man; Thor <- Hela; Venom <- Phoenix"
"535","Hela","Iron Man","Phoenix","Storm","Thor","Venom","Hela <- Venom; Iron Man <- Thor; Phoenix <- Hela; Storm <- Thor; Thor <- Hela; Venom <- Phoenix"
"536","Hela","Iron Man","Phoenix","Thor","Ultron","Venom","Hela <- Venom; Iron Man <- Thor; Phoenix <- Hela; Thor <- Hela; Ultron <- Iron Man; Venom <- Phoenix"
"537","Hela","Jeff the Land Shark","Jubilee","Phoenix","The Hood","Venom","Hela <- Venom; Jeff the Land Shark <- Venom; Jubilee <- The Hood; Phoenix <- Hela; The Hood <- Jubilee; Venom <- Phoenix"
"538","Hela","Jeff the Land Shark","Loki","Phoenix","Spider-Man","Venom","Hela <- Venom; Jeff the Land Shark <- Venom; Loki <- Hela; Phoenix <- Hela; Spider-Man <- Venom; Venom <- Phoenix"
"539","Hela","Jeff the Land Shark","Loki","Phoenix","Storm","Venom","Hela <- Venom; Jeff the Land Shark <- Venom; Loki <- Hela; Phoenix <- Hela; Storm <- Jeff the Land Shark; Venom <- Phoenix"
"540","Hela","Jeff the Land Shark","Loki","Phoenix","Thor","Venom","Hela <- Venom; Jeff the Land Shark <- Venom; Loki <- Hela; Phoenix <- Hela; Thor <- Hela; Venom <- Phoenix"
"541","Hela","Jeff the Land Shark","Magik","Phoenix","The Hood","Venom","Hela <- Venom; Jeff the Land Shark <- Venom; Magik <- The Hood; Phoenix <- Hela; The Hood <- Magik; Venom <- Phoenix"
"542","Hela","Jeff the Land Shark","Phoenix","Spider-Man","Squirrel Girl","Venom","Hela <- Venom; Jeff the Land Shark <- Venom; Phoenix <- Hela; Spider-Man <- Venom; Squirrel Girl <- Spider-Man; Venom <- Phoenix"
"543","Hela","Jeff the Land Shark","Phoenix","Spider-Man","Storm","Venom","Hela <- Venom; Jeff the Land Shark <- Venom; Phoenix <- Hela; Spider-Man <- Venom; Storm <- Jeff the Land Shark; Venom <- Phoenix"
"544","Hela","Jeff the Land Shark","Phoenix","Spider-Man","Thor","Venom","Hela <- Venom; Jeff the Land Shark <- Venom; Phoenix <- Hela; Spider-Man <- Venom; Thor <- Hela; Venom <- Phoenix"
"545","Hela","Jeff the Land Shark","Phoenix","Storm","Thor","Venom","Hela <- Venom; Jeff the Land Shark <- Venom; Phoenix <- Hela; Storm <- Thor, Jeff the Land Shark; Thor <- Hela; Venom <- Phoenix"
"546","Hela","Jubilee","Loki","Phoenix","The Hood","Venom","Hela <- Venom; Jubilee <- The Hood; Loki <- Hela; Phoenix <- Hela; The Hood <- Jubilee; Venom <- Phoenix"
"547","Hela","Jubilee","Magik","Phoenix","The Hood","Venom","Hela <- Venom; Jubilee <- The Hood; Magik <- The Hood; Phoenix <- Hela; The Hood <- Magik, Jubilee; Venom <- Phoenix"
"548","Hela","Jubilee","Phoenix","Scarlet Witch","The Hood","Venom","Hela <- Venom; Jubilee <- The Hood; Phoenix <- Hela; Scarlet Witch <- Jubilee; The Hood <- Jubilee; Venom <- Phoenix"
"549","Hela","Jubilee","Phoenix","Spider-Man","The Hood","Venom","Hela <- Venom; Jubilee <- The Hood; Phoenix <- Hela; Spider-Man <- Venom; The Hood <- Jubilee; Venom <- Phoenix"
"550","Hela","Jubilee","Phoenix","The Hood","Thor","Venom","Hela <- Venom; Jubilee <- The Hood; Phoenix <- Hela; The Hood <- Jubilee; Thor <- Hela; Venom <- Phoenix"
"551","Hela","Loki","Magik","Phoenix","The Hood","Venom","Hela <- Venom; Loki <- Hela; Magik <- The Hood; Phoenix <- Hela; The Hood <- Magik; Venom <- Phoenix"
"552","Hela","Loki","Phoenix","Spider-Man","Squirrel Girl","Venom","Hela <- Venom; Loki <- Hela; Phoenix <- Hela; Spider-Man <- Venom; Squirrel Girl <- Spider-Man; Venom <- Phoenix"
"553","Hela","Loki","Phoenix","Spider-Man","Thor","Venom","Hela <- Venom; Loki <- Hela; Phoenix <- Hela; Spider-Man <- Venom; Thor <- Hela; Venom <- Phoenix"
"554","Hela","Loki","Phoenix","Storm","Thor","Venom","Hela <- Venom; Loki <- Hela; Phoenix <- Hela; Storm <- Thor; Thor <- Hela; Venom <- Phoenix"
"555","Hela","Magik","Phoenix","Spider-Man","The Hood","Venom","Hela <- Venom; Magik <- The Hood; Phoenix <- Hela; Spider-Man <- Venom; The Hood <- Magik; Venom <- Phoenix"
"556","Hela","Magik","Phoenix","The Hood","Thor","Venom","Hela <- Venom; Magik <- The Hood; Phoenix <- Hela; The Hood <- Magik; Thor <- Hela; Venom <- Phoenix"
"557","Hela","Phoenix","Rocket Raccoon","Spider-Man","Squirrel Girl","Venom","Hela <- Venom; Phoenix <- Hela; Rocket Raccoon <- Squirrel Girl; Spider-Man <- Venom; Squirrel Girl <- Spider-Man; Venom <- Phoenix"
"558","Hela","Phoenix","Spider-Man","Squirrel Girl","Thor","Venom","Hela <- Venom; Phoenix <- Hela; Spider-Man <- Venom; Squirrel Girl <- Spider-Man; Thor <- Hela; Venom <- Phoenix"
"559","Hela","Phoenix","Spider-Man","Storm","Thor","Venom","Hela <- Venom; Phoenix <- Hela; Spider-Man <- Venom; Storm <- Thor; Thor <- Hela; Venom <- Phoenix"
"560","Human Torch","Invisible Woman","Iron Fist","Jubilee","The Hood","The Thing","Human Torch <- Jubilee; Invisible Woman <- Human Torch; Iron Fist <- The Thing; Jubilee <- The Hood; The Hood <- Jubilee; The Thing <- Human Torch, Invisible Woman"
"561","Human Torch","Invisible Woman","Jubilee","Magik","Scarlet Witch","The Hood","Human Torch <- Jubilee; Invisible Woman <- Human Torch; Jubilee <- The Hood; Magik <- The Hood; Scarlet Witch <- Jubilee; The Hood <- Magik, Jubilee"
"562","Human Torch","Invisible Woman","Jubilee","Magik","The Hood","The Thing","Human Torch <- Jubilee; Invisible Woman <- Human Torch; Jubilee <- The Hood; Magik <- The Hood; The Hood <- Magik, Jubilee; The Thing <- Human Torch, Invisible Woman"
"563","Human Torch","Invisible Woman","Jubilee","Magneto","Scarlet Witch","The Hood","Human Torch <- Jubilee; Invisible Woman <- Human Torch; Jubilee <- The Hood; Magneto <- Scarlet Witch; Scarlet Witch <- Jubilee; The Hood <- Jubilee"
"564","Human Torch","Invisible Woman","Jubilee","Mister Fantastic","The Hood","The Thing","Human Torch <- Jubilee; Invisible Woman <- Human Torch, Mister Fantastic; Jubilee <- The Hood; Mister Fantastic <- The Thing; The Hood <- Jubilee; The Thing <- Human Torch, Invisible Woman"
"565","Human Torch","Invisible Woman","Jubilee","Scarlet Witch","The Hood","The Thing","Human Torch <- Jubilee; Invisible Woman <- Human Torch; Jubilee <- The Hood; Scarlet Witch <- Jubilee; The Hood <- Jubilee; The Thing <- Human Torch, Invisible Woman"
"566","Human Torch","Iron Fist","Jubilee","Magik","The Hood","The Thing","Human Torch <- Jubilee; Iron Fist <- The Thing; Jubilee <- The Hood; Magik <- The Hood; The Hood <- Magik, Jubilee; The Thing <- Human Torch"
"567","Human Torch","Iron Fist","Jubilee","Mister Fantastic","The Hood","The Thing","Human Torch <- Jubilee; Iron Fist <- The Thing; Jubilee <- The Hood; Mister Fantastic <- The Thing; The Hood <- Jubilee; The Thing <- Human Torch"
"568","Human Torch","Iron Fist","Jubilee","Scarlet Witch","The Hood","The Thing","Human Torch <- Jubilee; Iron Fist <- The Thing; Jubilee <- The Hood; Scarlet Witch <- Jubilee; The Hood <- Jubilee; The Thing <- Human Torch"
"569","Human Torch","Jubilee","Magik","Magneto","Scarlet Witch","The Hood","Human Torch <- Jubilee; Jubilee <- The Hood; Magik <- The Hood; Magneto <- Scarlet Witch; Scarlet Witch <- Jubilee; The Hood <- Magik, Jubilee"
"570","Human Torch","Jubilee","Magik","Mister Fantastic","The Hood","The Thing","Human Torch <- Jubilee; Jubilee <- The Hood; Magik <- The Hood; Mister Fantastic <- The Thing; The Hood <- Magik, Jubilee; The Thing <- Human Torch"
"571","Human Torch","Jubilee","Magik","Scarlet Witch","The Hood","The Thing","Human Torch <- Jubilee; Jubilee <- The Hood; Magik <- The Hood; Scarlet Witch <- Jubilee; The Hood <- Magik, Jubilee; The Thing <- Human Torch"
"572","Human Torch","Jubilee","Magneto","Rogue","Scarlet Witch","The Hood","Human Torch <- Jubilee; Jubilee <- The Hood; Magneto <- Scarlet Witch; Rogue <- Magneto; Scarlet Witch <- Jubilee; The Hood <- Jubilee"
"573","Human Torch","Jubilee","Magneto","Scarlet Witch","The Hood","The Thing","Human Torch <- Jubilee; Jubilee <- The Hood; Magneto <- Scarlet Witch; Scarlet Witch <- Jubilee; The Hood <- Jubilee; The Thing <- Human Torch"
"574","Human Torch","Jubilee","Mister Fantastic","Scarlet Witch","The Hood","The Thing","Human Torch <- Jubilee; Jubilee <- The Hood; Mister Fantastic <- The Thing; Scarlet Witch <- Jubilee; The Hood <- Jubilee; The Thing <- Human Torch"
"575","Invisible Woman","Iron Fist","Jubilee","Mister Fantastic","The Hood","The Thing","Invisible Woman <- Mister Fantastic; Iron Fist <- The Thing; Jubilee <- The Hood; Mister Fantastic <- The Thing; The Hood <- Jubilee; The Thing <- Invisible Woman"
"576","Invisible Woman","Iron Fist","Magik","Mister Fantastic","The Hood","The Thing","Invisible Woman <- Mister Fantastic; Iron Fist <- The Thing; Magik <- The Hood; Mister Fantastic <- The Thing; The Hood <- Magik; The Thing <- Invisible Woman"
"577","Invisible Woman","Jubilee","Magik","Mister Fantastic","The Hood","The Thing","Invisible Woman <- Mister Fantastic; Jubilee <- The Hood; Magik <- The Hood; Mister Fantastic <- The Thing; The Hood <- Magik, Jubilee; The Thing <- Invisible Woman"
"578","Invisible Woman","Jubilee","Mister Fantastic","Scarlet Witch","The Hood","The Thing","Invisible Woman <- Mister Fantastic; Jubilee <- The Hood; Mister Fantastic <- The Thing; Scarlet Witch <- Jubilee; The Hood <- Jubilee; The Thing <- Invisible Woman"
"579","Invisible Woman","Mister Fantastic","Peni Parker","Rocket Raccoon","Spider-Man","Squirrel Girl","Invisible Woman <- Mister Fantastic; Mister Fantastic <- Rocket Raccoon; Peni Parker <- Rocket Raccoon; Rocket Raccoon <- Squirrel Girl; Spider-Man <- Peni Parker; Squirrel Girl <- Spider-Man"
"580","Jubilee","Magik","Magneto","Rogue","Scarlet Witch","The Hood","Jubilee <- The Hood; Magik <- The Hood; Magneto <- Scarlet Witch; Rogue <- Magneto; Scarlet Witch <- Jubilee; The Hood <- Magik, Jubilee"
"581","Jubilee","Magneto","Phoenix","Rogue","Scarlet Witch","The Hood","Jubilee <- The Hood; Magneto <- Scarlet Witch; Phoenix <- Rogue; Rogue <- Magneto; Scarlet Witch <- Jubilee; The Hood <- Jubilee"
"582","Jubilee","Peni Parker","Rocket Raccoon","Spider-Man","Squirrel Girl","The Hood","Jubilee <- The Hood; Peni Parker <- Rocket Raccoon; Rocket Raccoon <- Squirrel Girl; Spider-Man <- Peni Parker; Squirrel Girl <- Spider-Man; The Hood <- Jubilee"
"583","Magik","Peni Parker","Rocket Raccoon","Spider-Man","Squirrel Girl","The Hood","Magik <- The Hood; Peni Parker <- Rocket Raccoon; Rocket Raccoon <- Squirrel Girl; Spider-Man <- Peni Parker; Squirrel Girl <- Spider-Man; The Hood <- Magik"
"584","Mister Fantastic","Peni Parker","Rocket Raccoon","Spider-Man","Squirrel Girl","The Punisher","Mister Fantastic <- Rocket Raccoon; Peni Parker <- Rocket Raccoon; Rocket Raccoon <- Squirrel Girl; Spider-Man <- Peni Parker; Squirrel Girl <- Spider-Man; The Punisher <- Rocket Raccoon"
"585","Mister Fantastic","Peni Parker","Rocket Raccoon","Spider-Man","Squirrel Girl","Ultron","Mister Fantastic <- Rocket Raccoon; Peni Parker <- Rocket Raccoon; Rocket Raccoon <- Squirrel Girl; Spider-Man <- Peni Parker; Squirrel Girl <- Spider-Man; Ultron <- Peni Parker"
"586","Peni Parker","Rocket Raccoon","Spider-Man","Squirrel Girl","The Punisher","Ultron","Peni Parker <- Rocket Raccoon; Rocket Raccoon <- Squirrel Girl; Spider-Man <- Peni Parker; Squirrel Girl <- Spider-Man; The Punisher <- Rocket Raccoon; Ultron <- Peni Parker"
"587","Peni Parker","Rocket Raccoon","Spider-Man","Squirrel Girl","The Punisher","Winter Soldier","Peni Parker <- Rocket Raccoon; Rocket Raccoon <- Squirrel Girl; Spider-Man <- Peni Parker; Squirrel Girl <- Spider-Man; The Punisher <- Rocket Raccoon; Winter Soldier <- The Punisher"
